,CTR_A_461K_BV0D0,CTR_A_464S_WV0D0,CTR_A_465N_LV0D0,CTR_A_466Y_YV0D0,CTR_A_564P_MV0D0,CTR_SRR23389344,CTR_SRR23389345,CTR_SRR23389347,CTR_SRR23389348,CTR_SRR23389350
Actinomyces_odontolyticus_ATCC_17982_ac,3.6038,1.3973,0,0,0.83056,0,0,0,0,0
Actinomyces_oris_K20_ac,2.0518,1.383,3.2072,6.3931,3.022,2.717,7.3975,7.7851,32.1553,6.3591
Actinomyces_oris_K20_ppa,1.0273,0.69248,1.6058,3.201,1.5131,1.3604,3.7039,3.898,16.1,3.184
Anaerotruncus_colihominis_DSM_17241_ac,1.2682,0,1.4191,1.595,1.949,0,1.0208,0,0,0
Anaerotruncus_colihominis_DSM_17241_but,1.2682,0,1.4191,1.595,1.949,0,1.0208,0,0,0
Bacillus_timonensis_JC401_ac,8.808,12.3984,9.9392,26.4384,8.1856,13.0992,50.6416,24.836,29.2192,17.328
Bacillus_timonensis_JC401_but,4.404,6.1992,4.9696,13.2192,4.0928,6.5496,25.3208,12.418,14.6096,8.664
Bacillus_timonensis_JC401_ppa,8.808,12.3984,9.9392,26.4384,8.1856,13.0992,50.6416,24.836,29.2192,17.328
Bacteroides_pectinophilus_ATCC_43243_ac,2.8648,0,4.4331,1.9618,4.1379,1.3435,1.8967,2.2137,3.4717,4.3553
Bacteroides_pectinophilus_ATCC_43243_ppa,1.4325,0,2.2167,0.98096,2.0691,0.6718,0.9484,1.1069,1.736,2.1778
Bacteroides_plebeius_M12_DSM_17135_ac,1.1042,0,0,1.1535,15.744,1.8395,2.6926,4.1184,1.0738,0
Bacteroides_plebeius_M12_DSM_17135_isobut,0.55208,0,0,0.57676,7.872,0.91976,1.3463,2.0592,0.53692,0
Bacteroides_plebeius_M12_DSM_17135_ppa,0.55208,0,0,0.57676,7.872,0.91976,1.3463,2.0592,0.53692,0
Bifidobacterium_adolescentis_ATCC_15703_ac,36.9785,17.1621,0,0,6.9004,0,0,0,0,0
Bifidobacterium_adolescentis_ATCC_15703_but,9.2367,4.2869,0,0,1.7236,0,0,0,0,0
Bifidobacterium_bifidum_BGN4_ac,2.7143,1.9334,0,0,0.88634,0,0,0,0,3.205
Bifidobacterium_bifidum_NCIMB_41171_ac,2.3014,1.8269,0,0,0,0,0,0,0,2.155
Bifidobacterium_bifidum_PRL2010_ac,2.0757,1.6543,0,0,0,0,0,0,0,2.0958
Bifidobacterium_bifidum_S17_ac,2.3433,1.547,0,0,0,0,0,0,0,1.9081
Bifidobacterium_catenulatum_DSM_16992_ac,2.1316,1.2549,0,0,0,0,1.8285,0,0,0
Bifidobacterium_longum_DJO10A_ac,2.4174,0,0,0,0,0,1.204,0,0,0
Bifidobacterium_longum_E18_ac,2.3094,0,0,0,0,0,0.83899,0,0,0
Bifidobacterium_longum_NCC2705_ac,2.5896,0,0,0,0,0,0,0,0,0
Bifidobacterium_longum_infantis_157F_NC_ac,2.557,0,0,0,0,0,0.94272,0,0,0
Bifidobacterium_longum_longum_ATCC_55813_ac,3.0938,0,0,0,0,0,0.85896,0,0,0
Bifidobacterium_longum_longum_BBMN68_ac,3.082,0,0,0,0,0,0.99362,0,0,0
Bifidobacterium_longum_longum_CCUG_52486_ac,2.579,0,0,0,0,0,0,0,0,0
Bifidobacterium_longum_longum_JCM_1217_ac,2.3535,0,0,0,0,0,0.85275,0,0,0
Bifidobacterium_longum_longum_JDM301_ac,1.3523,0,0,0,0,0,0,0,0,0
Bifidobacterium_pseudocatenulatum_DSM_20438_ac,3.225,1.1035,0,0,0,0,15.3584,1.0815,3.6996,2.8406
Bifidobacterium_ruminantium_DSM_6489_ac,1.4979,0,0,0,0,0,0,0,0,0
Bifidobacterium_ruminantium_DSM_6489_ppa,0.749,0,0,0,0,0,0,0,0,0
Blautia_hansenii_VPI_C7_24_DSM_20583_ac,1.5034,0,2.3646,1.7929,1.737,1.1006,2.124,5.9078,1.433,4.8124
Blautia_hydrogenotrophica_DSM_10507_ac,0.95568,0,0,3.7136,0,0,0,0,0,0
Blautia_hydrogenotrophica_DSM_10507_isobut,0.47784,0,0,1.8568,0,0,0,0,0,0
Butyrivibrio_crossotus_DSM_2876_ac,3.0384,0,3.282,0.8776,2.0532,0,0,1.5827,0,2.012
Butyrivibrio_crossotus_DSM_2876_but,3.0384,0,3.282,0.8776,2.0532,0,0,1.5827,0,2.012
Clostridium_bartlettii_DSM_16795_ac,1.4035,0,0,0,0,0,0,0,0,1.0823
Clostridium_bartlettii_DSM_16795_isobut,0.70176,0,0,0,0,0,0,0,0,0.54116
Clostridium_bartlettii_DSM_16795_ppa,0.70176,0,0,0,0,0,0,0,0,0.54116
Clostridium_innocuum_2959_ac,0.96888,0,0,0,0,0,0.97968,0,1.1274,0
Clostridium_innocuum_2959_but,0.96888,0,0,0,0,0,0.97968,0,1.1274,0
Clostridium_innocuum_2959_ppa,0.48444,0,0,0,0,0,0.48984,0,0.56372,0
Clostridium_leptum_DSM_753_ac,6.1505,0,0.91652,19.2382,3.8426,0,3.9015,0,0,0.89406
Clostridium_nexile_DSM_1787_ac,8.5392,0.90832,3.9388,7.0194,3.8866,1.9464,3.2768,5.2262,11.3864,9.9256
Clostridium_scindens_ATCC_35704_ac,1.0516,3.4452,0,7.4332,0,0,1.5532,0,0,0
Clostridium_sp_L2_50_ac,0.956,0,14.8648,3.9632,5.0212,1.3205,2.0282,6.6946,0.97272,1.5122
Clostridium_sp_L2_50_but,0.956,0,14.8648,3.9632,5.0212,1.3205,2.0282,6.6946,0.97272,1.5122
Clostridium_sp_M62_1_ac,2.3714,0,3.8918,5.38,3.7286,2.5558,2.1926,2.4752,2.962,2.2552
Clostridium_sp_M62_1_but,1.1857,0,1.9459,2.69,1.8643,1.2779,1.0963,1.2376,1.481,1.1276
Clostridium_sp_SS2_1_ac,1.1613,1.851,9.3176,23.82,0.94248,2.8164,20.1368,5.3486,11.6424,13.5544
Clostridium_sp_SS2_1_but,1.1613,1.851,9.3176,23.82,0.94248,2.8164,20.1368,5.3486,11.6424,13.5544
Collinsella_aerofaciens_ATCC_25986_ac,11.1424,5.0514,2.5962,0,10.3488,35.5016,60.164,34.1032,0,0
Collinsella_intestinalis_DSM_13280_ac,26.3712,2.2646,0,0,0,0,0,1.679,0,9.848
Collinsella_stercoris_DSM_13279_ac,1.1264,18.3792,0,0,0,0,0,0,0,0
Coprococcus_catus_GD_7_ac,6.3,0,6.3602,2.9182,3.3194,1.7698,3.0044,4.7356,1.8546,4.5394
Coprococcus_catus_GD_7_but,6.3,0,6.3602,2.9182,3.3194,1.7698,3.0044,4.7356,1.8546,4.5394
Coprococcus_catus_GD_7_ppa,3.15,0,3.1801,1.4591,1.6597,0.88492,1.5022,2.3678,0.92732,2.2697
Coprococcus_comes_ATCC_27758_ac,2.212,1.6182,15.1048,11.2464,8.984,6.1144,3.706,8.1088,2.3622,17.3576
Coprococcus_comes_ATCC_27758_but,2.212,1.6182,15.1048,11.2464,8.984,6.1144,3.706,8.1088,2.3622,17.3576
Coprococcus_comes_ATCC_27758_ppa,1.1051,0.80848,7.5465,5.6188,4.4885,3.0548,1.8516,4.0512,1.1802,8.672
Corynebacterium_ureicelerivorans_ac,1.4281,1.153,0,0,0,0,1.7737,0,0,0
Corynebacterium_ureicelerivorans_ppa,0.71408,0.57652,0,0,0,0,0.88692,0,0,0
Dermacoccus_nishinomiyaensis_ac,52.736,23.0312,0,0,9.412,0,0,0,0,0
Dermacoccus_nishinomiyaensis_ppa,52.736,23.0312,0,0,9.412,0,0,0,0,0
Dialister_invisus_DSM_15470_ac,0.87134,0,0,0,0,0,0,0,0,0
Dialister_invisus_DSM_15470_ppa,0.43624,0,0,0,0,0,0,0,0,0
Dialister_succinatiphilus_YIT_11850_ac,4.9851,0,0,0,0,4.6225,3.7675,0,0,0
Dialister_succinatiphilus_YIT_11850_ppa,2.4927,0,0,0,0,2.3114,1.8839,0,0,0
Dorea_formicigenerans_ATCC_27755_ac,4.7562,2.758,7.226,8,3.1858,4.0092,3.21,9.7352,3.7956,6.403
Dorea_formicigenerans_ATCC_27755_ppa,2.3781,1.379,3.613,4,1.5929,2.0046,1.605,4.8676,1.8978,3.2015
Dorea_longicatena_DSM_13814_ac,11.9368,6.1912,6.7936,6.5796,3.3802,28.5656,7.7848,21.8088,1.0191,12.1392
Dorea_longicatena_DSM_13814_but,0,0,0,0,0,0,0,0,0,0
Enterobacter_hormaechei_YT2_ac,0.87008,0,0,0,1.1435,0,0,0,0,0
Enterobacter_hormaechei_YT2_ppa,0.43504,0,0,0,0.57176,0,0,0,0,0
Escherichia_coli_O157_H7_str_Sakai_ac,6.8976,4.4256,0,1.2118,0,0,0,0,0,0
Escherichia_coli_O157_H7_str_Sakai_but,3.4488,2.2128,0,0.60588,0,0,0,0,0,0
Escherichia_coli_O157_H7_str_Sakai_ppa,6.8976,4.4256,0,1.2118,0,0,0,0,0,0
Escherichia_coli_SE11_ac,25.2096,8.4032,0.9332,1.9985,1.1682,0,0,0,0.84856,0
Escherichia_coli_SE11_ppa,25.2096,8.4032,0.9332,1.9985,1.1682,0,0,0,0.84856,0
Escherichia_coli_UTI89_UPEC_ac,2.5948,10.7432,0,0,0,0,0,0,0,0
Escherichia_coli_UTI89_UPEC_but,1.2974,5.3716,0,0,0,0,0,0,0,0
Escherichia_coli_UTI89_UPEC_ppa,2.5948,10.7432,0,0,0,0,0,0,0,0
Escherichia_coli_str_K_12_substr_MG1655_ac,16.048,9.12,0,1.1637,1.6261,0,0,0,0,0
Escherichia_coli_str_K_12_substr_MG1655_but,8.024,4.56,0,0.58184,0.81304,0,0,0,0,0
Escherichia_coli_str_K_12_substr_MG1655_ppa,16.048,9.12,0,1.1637,1.6261,0,0,0,0,0
Escherichia_fergusonii_ATCC_35469_ac,1.2698,0.98952,0,0,0,0,0,0,0,0
Escherichia_fergusonii_ATCC_35469_but,0.63488,0.49476,0,0,0,0,0,0,0,0
Escherichia_fergusonii_ATCC_35469_ppa,1.2698,0.98952,0,0,0,0,0,0,0,0
Escherichia_sp_1_1_43_ac,14.9328,8.9432,0,1.2206,1.202,0,0,0,0,0
Escherichia_sp_3_2_53FAA_ac,2.784,10.4824,0,0,0,0,0,0,0,0
Escherichia_sp_3_2_53FAA_but,1.392,5.2412,0,0,0,0,0,0,0,0
Escherichia_sp_3_2_53FAA_ppa,2.784,10.4824,0,0,0,0,0,0,0,0
Escherichia_sp_4_1_40B_ac,16.2408,9.472,0,1.329,1.567,0,0,0,0,0
Escherichia_sp_4_1_40B_but,8.1204,4.736,0,0.66448,0.78352,0,0,0,0,0
Escherichia_sp_4_1_40B_ppa,16.2408,9.472,0,1.329,1.567,0,0,0,0,0
Eubacterium_dolichum_DSM_3991_ac,1.3186,0,1.5628,2.0388,0,0.95144,0,0,0,2.2466
Eubacterium_dolichum_DSM_3991_but,0.65932,0,0.7814,1.0194,0,0.47572,0,0,0,1.1233
Eubacterium_eligens_ATCC_27750_ac,1.9019,0,5.486,6.8494,2.5236,3.2152,4.7228,5.5068,48.4592,28.6408
Eubacterium_eligens_ATCC_27750_ppa,0.95096,0,2.743,3.4247,1.2618,1.6076,2.3614,2.7534,24.2296,14.3204
Eubacterium_hallii_DSM_3353_ac,14.3072,1.2855,2.3922,2.7476,2.9344,4.9948,21.4104,19.5736,6.4642,12.4312
Eubacterium_hallii_DSM_3353_but,7.1536,0.64276,1.1961,1.3738,1.4672,2.4974,10.7052,9.7868,3.2321,6.2156
Eubacterium_rectale_ATCC_33656_ac,72.36,3.5908,114.816,5.2312,18.492,5.0854,5.8328,53.2544,1.9046,12.7136
Eubacterium_rectale_ATCC_33656_but,36.18,1.7954,57.408,2.6156,9.246,2.5427,2.9164,26.6272,0.95232,6.3568
Eubacterium_rectale_M104_1_ac,65.9512,3.784,107.888,4.6508,17.2392,4.45,4.9568,47.8816,0,12.004
Eubacterium_rectale_M104_1_but,32.9756,1.892,53.944,2.3254,8.6196,2.225,2.4784,23.9408,0,6.002
Eubacterium_siraeum_70_3_ac,0.91632,0,1.5354,0,0,0,0,0,0,0
Eubacterium_siraeum_70_3_but,0.45816,0,0.76772,0,0,0,0,0,0,0
Eubacterium_ventriosum_ATCC_27560_ac,5.3172,0,3.622,3.6156,6.8262,0.90696,1.5278,1.389,2.4456,5.1618
Eubacterium_ventriosum_ATCC_27560_but,5.2918,0,3.6048,3.5983,6.7934,0.90263,1.5205,1.3824,2.4339,5.1372
Faecalibacterium_cf_prausnitzii_KLE1255_ac,79.5752,0,42.4056,117.248,29.3888,1.312,5.8656,32.536,25.7024,5.3402
Faecalibacterium_cf_prausnitzii_KLE1255_but,39.7876,0,21.2028,58.624,14.6944,0.656,2.9328,16.268,12.8512,2.6701
Faecalibacterium_prausnitzii_L2_6_ac,14.6504,0,53.368,122.496,30.1528,1.361,93.48,69.2584,42.4704,16.4528
Faecalibacterium_prausnitzii_L2_6_but,7.3252,0,26.684,61.248,15.0764,0.68052,46.74,34.6292,21.2352,8.2264
Faecalibacterium_prausnitzii_M21_2_ac,8.6896,0,23.8176,76.4248,14.3736,0,4.866,13.2656,9.1824,18.7976
Faecalibacterium_prausnitzii_M21_2_but,4.3448,0,11.9088,38.2124,7.1868,0,2.433,6.6328,4.5912,9.3988
Faecalibacterium_prausnitzii_M21_2_ppa,4.3448,0,11.9088,38.2124,7.1868,0,2.433,6.6328,4.5912,9.3988
Faecalibacterium_prausnitzii_SL3_3_ac,8.296,0,21.7656,73.1184,13.5256,0,4.4072,11.5616,8.2832,17.9072
Faecalibacterium_prausnitzii_SL3_3_but,4.148,0,10.8828,36.5592,6.7628,0,2.2036,5.7808,4.1416,8.9536
Faecalibacterium_prausnitzii_SL3_3_ppa,4.148,0,10.8828,36.5592,6.7628,0,2.2036,5.7808,4.1416,8.9536
Holdemania_filiformis_VPI_J1_31B_1_DSM_12042_ac,1.771,0,2.2046,3.8562,0.81672,0,0,0,0.96936,0
Klebsiella_pneumoniae_pneumoniae_MGH78578_ac,21.5432,16.3688,0,1.3307,11.2976,0,0,7.6204,1.3201,0
Klebsiella_sp_1_1_55_ac,2.5468,1.9734,0,0,3.1744,0,0,1.0925,0,0
Lachnospiraceae_bacterium_sp_5_1_63FAA_ac,0.87448,1.6758,7.7286,34.276,0.8652,2.4678,18.5016,5.0212,9.6168,12.2416
Lachnospiraceae_bacterium_sp_5_1_63FAA_but,0.87448,1.6758,7.7286,34.276,0.8652,2.4678,18.5016,5.0212,9.6168,12.2416
Lachnospiraceae_bacterium_sp_8_1_57FAA_ac,15.424,1.0975,2.709,11.584,17.2008,8.0608,8.5528,2.7544,3.7228,3.5296
Lactobacillus_ruminis_ATCC_25644_ac,13.8952,0,0,0,0,0,0,0,0,0
Odoribacter_splanchnicus_1651_6_DSM_20712_ac,1.3442,0,0,0,0,0,2.6356,1.1148,0,1.4635
Odoribacter_splanchnicus_1651_6_DSM_20712_but,1.3442,0,0,0,0,0,2.6356,1.1148,0,1.4635
Odoribacter_splanchnicus_1651_6_DSM_20712_isobut,0.67212,0,0,0,0,0,1.3178,0.5574,0,0.73176
Odoribacter_splanchnicus_1651_6_DSM_20712_ppa,0.67212,0,0,0,0,0,1.3178,0.5574,0,0.73176
Olsenella_uli_DSM_7084_ac,1.583,0,0,0,0,0,0,0,0,0
Olsenella_uli_DSM_7084_ppa,0.79156,0,0,0,0,0,0,0,0,0
Pseudoflavonifractor_capillosus_strain_ATCC_29799_ac,1.261,0,1.6665,0.99909,2.6109,0,0.81479,0.85696,0.77698,0.91368
Roseburia_intestinalis_L1_82_ac,4.3338,0,11.0984,3.7616,50.596,4.8488,1.991,2.8774,31.5088,49.6928
Roseburia_intestinalis_L1_82_but,2.1669,0,5.5492,1.8808,25.298,2.4244,0.99552,1.4387,15.7544,24.8464
Roseburia_inulinivorans_DSM_16841_ac,11.332,0,14.0952,30.2328,41.9472,3.9048,14.556,8.1096,7.0336,38.7744
Roseburia_inulinivorans_DSM_16841_but,5.666,0,7.0476,15.1164,20.9736,1.9524,7.278,4.0548,3.5168,19.3872
Roseburia_inulinivorans_DSM_16841_ppa,5.666,0,7.0476,15.1164,20.9736,1.9524,7.278,4.0548,3.5168,19.3872
Roseomonas_mucosa_ATCC_BAA_692_ac,0.88888,0,0,0,1.1506,0,0,0,0,0
Roseomonas_mucosa_ATCC_BAA_692_but,0,0,0,0,0,0,0,0,0,0
Roseomonas_mucosa_ATCC_BAA_692_ppa,7.7386e-05,0,0,0,0.0001174,0,0,0,0,0
RuminocoCCAceae_bacterium_D16_ac,1.7525,0,3.6528,4.2142,3.6836,0,1.6052,1.4903,1.5862,1.3846
RuminocoCCAceae_bacterium_D16_but,1.7525,0,3.6528,4.2142,3.6836,0,1.6052,1.4903,1.5862,1.3846
Ruminococcus_bicirculans_80_3_ac,5.2828,0,0,19.3056,62.316,0,0,0,0,0
Ruminococcus_bromii_L2_63_ac,25.4304,0,47.3472,1.7399,26.6424,0,0,0,16.1328,23.6336
Ruminococcus_chamellensis_18P13_ac,0.91392,0,2.594,1.6925,2.4414,0,0,0,0,0
Ruminococcus_gnavus_ATCC_29149_ac,4.3831,4.0885,1.5649,3.8339,2.7058,5.0756,4.5315,4.1237,8.4674,14.7093
Ruminococcus_gnavus_ATCC_29149_but,1.7532,1.6354,0.62596,1.5336,1.0823,2.0302,1.8126,1.6495,3.3869,5.8836
Ruminococcus_gnavus_ATCC_29149_ppa,2.1917,2.0444,0.78197,1.9171,1.353,2.5362,2.2643,2.062,4.234,7.35
Ruminococcus_lactaris_ATCC_29176_ac,1.0927,0,23.1971,7.8296,3.7363,5.1024,1.4677,4.9276,0.84359,2.4257
Ruminococcus_lactaris_ATCC_29176_but,0,0,0,0,0,0,0,0,0,0
Ruminococcus_obeum_A2_162_ac,2.9042,1.1972,5.3386,7.4556,4.05,2.1054,7.3382,5.0796,4.6682,6.4128
Ruminococcus_obeum_A2_162_but,0,0,0,0,0,0,0,0,0,0
Ruminococcus_obeum_A2_162_ppa,1.4521,0.5986,2.6693,3.7278,2.025,1.0527,3.6691,2.5398,2.3341,3.2064
Ruminococcus_sp_5_1_39BFAA_ac,9.8512,16.1752,10.672,28.6056,9.2616,18.1816,63.2032,32.0872,33.472,21.2104
Ruminococcus_sp_SR1_5_ac,3.5866,2.8364,6.8756,3.5766,3.1914,9.4088,30.7192,10.9648,8.5088,12.2832
Ruminococcus_sp_SR1_5_ppa,1.7933,1.4182,3.4378,1.7883,1.5957,4.7044,15.3596,5.4824,4.2544,6.1416
Ruminococcus_torques_ATCC_27756_ac,13.6944,0,1.9237,8.7728,14.3032,7.4168,5.5412,0,1.7411,1.1506
Ruminococcus_torques_ATCC_27756_ppa,6.8472,0,0.96184,4.3864,7.1516,3.7084,2.7706,0,0.87056,0.57528
Ruminococcus_torques_L2_14_ac,4.0292,3.3114,50.2144,16.6648,6.7202,11.1872,4.99,17.4592,2.9292,38.4976
Ruminococcus_torques_L2_14_but,0,0,0,0,0,0,0,0,0,0
Ruminococcus_torques_L2_14_ppa,2.0146,1.6557,25.1072,8.3324,3.3601,5.5936,2.495,8.7296,1.4646,19.2488
Slackia_piriformis_YIT_12062_ac,0.77116,0,0,0,0,0,0,0,0,0
Subdoligranulum_variabile_DSM_15176_ac,7.1204,0,4.3848,2.516,2.3278,0,5.9832,3.6476,0,2.4394
Subdoligranulum_variabile_DSM_15176_but,7.1204,0,4.3848,2.516,2.3278,0,5.9832,3.6476,0,2.4394
Weissella_confusa_LBAE_C39_2_ac,1.9946,37.2456,0,0,0,0,0,0,0,0
Bacteroides_ovatus_SD_CMC_3f_ac,0,1.6889,0,0,0,1.6632,3.6976,0.93344,2.8792,1.2817
Bacteroides_ovatus_SD_CMC_3f_isobut,0,0.84444,0,0,0,0.8316,1.8488,0.46672,1.4396,0.64084
Bacteroides_ovatus_SD_CMC_3f_ppa,0,0.84444,0,0,0,0.8316,1.8488,0.46672,1.4396,0.64084
Bacteroides_sp_2_1_7_ac,0,1.0459,0,0,0,0.90744,0.80416,0,1.6097,1.5712
Bacteroides_sp_2_1_7_isobut,0,0.52296,0,0,0,0.45372,0.40208,0,0.80484,0.7856
Bacteroides_sp_2_1_7_ppa,0,0.52296,0,0,0,0.45372,0.40208,0,0.80484,0.7856
Bacteroides_sp_3_1_19_ac,0,1.2464,0,0,0,1.169,0.83896,0,1.3446,1.4359
Bacteroides_sp_3_1_19_isobut,0,0.6232,0,0,0,0.58452,0.41948,0,0.67232,0.71796
Bacteroides_sp_3_1_19_ppa,0,0.6232,0,0,0,0.58452,0.41948,0,0.67232,0.71796
Bacteroides_stercoris_ATCC_43183_ac,0,8.4792,0,0,5.1578,10.4976,0,1.477,46.156,42.3648
Bacteroides_stercoris_ATCC_43183_isobut,0,4.2396,0,0,2.5789,5.2488,0,0.73852,23.078,21.1824
Bacteroides_stercoris_ATCC_43183_ppa,0,4.2396,0,0,2.5789,5.2488,0,0.73852,23.078,21.1824
Bilophila_wadsworthia_3_1_6_ac,0,4.1176,0,0,0.88672,0,5.734,1.7175,1.3663,0
Clostridium_sordellii_ATCC_9714_ac,0,1.395,0,0,0,0,0,0,0,0
Clostridium_sordellii_ATCC_9714_but,0,1.395,0,0,0,0,0,0,0,0
Clostridium_sordellii_ATCC_9714_isobut,0,0.69752,0,0,0,0,0,0,0,0
Clostridium_sordellii_ATCC_9714_ppa,0,0.69752,0,0,0,0,0,0,0,0
Collinsella_tanakaei_YIT_12063_ac,0,6.0456,0,0,0.90248,0,0,0,0,0
Collinsella_tanakaei_YIT_12063_ppa,0,3.0228,0,0,0.45124,0,0,0,0,0
Enterobacter_aerogenes_KCTC_2190_ac,0,1.5141,0,0,1.4205,0,0,0,0,0
Enterobacter_aerogenes_KCTC_2190_ppa,0,0.75704,0,0,0.71024,0,0,0,0,0
Eubacterium_sulci_ATCC_35585_ac,0,1.641,0,0,0,0,0,0,0,0
Eubacterium_sulci_ATCC_35585_but,0,1.641,0,0,0,0,0,0,0,0
Eubacterium_sulci_ATCC_35585_ppa,0,0.82052,0,0,0,0,0,0,0,0
Fusobacterium_mortiferum_ATCC_9817_ac,0,1.1078,0,0,0,0,0,0.84504,0,3.4594
Fusobacterium_mortiferum_ATCC_9817_but,0,1.1078,0,0,0,0,0,0.84504,0,3.4594
Fusobacterium_mortiferum_ATCC_9817_ppa,0,0.55392,0,0,0,0,0,0.42252,0,1.7297
Gemella_sanguinis_M325_ac,0,1.3653,0,0,0,0,0,0,0,0
Gemella_sanguinis_M325_ppa,0,0,0,0,0,0,0,0,0,0
Granulicatella_adiacens_ATCC_49175_ac,0,0.84184,0,0,0,0,0,0,0,0
Granulicatella_adiacens_ATCC_49175_ppa,0,0.42092,0,0,0,0,0,0,0,0
Lactobacillus_animalis_KCTC_3501_ac,0,22.808,0,0,0,0,0,0,0,0
Lactobacillus_animalis_KCTC_3501_ppa,0,11.404,0,0,0,0,0,0,0,0
Lactobacillus_crispatus_125_2_CHN_ac,0,0.81946,0,0,0,0,0,0,0,0
Lactobacillus_fermentum_ATCC_14931_ac,0,1.2418,0,0,0,0,0,0,0,0
Lactobacillus_fermentum_IFO_3956_ac,0,1.481,0,0,0,0,0,0,0,0
Lactobacillus_gasseri_ATCC_33323_ac,0,7.3142,0,0,0,0,0,0,0,0
Lactobacillus_mucosae_LM1_ac,0,1.6392,0,0,0,0,0,0,0,0
Lactobacillus_mucosae_LM1_ppa,0,0,0,0,0,0,0,0,0,0
Megasphaera_elsdenii_DSM_20460_ac,0,1.1241,0,0,25.8552,0,2.064,0,0,0
Megasphaera_elsdenii_DSM_20460_but,0,0.56204,0,0,12.9276,0,1.032,0,0,0
Megasphaera_elsdenii_DSM_20460_isobut,0,0.56204,0,0,12.9276,0,1.032,0,0,0
Megasphaera_elsdenii_DSM_20460_ppa,0,0.56204,0,0,12.9276,0,1.032,0,0,0
Parabacteroides_distasonis_ATCC_8503_ac,0,1.2843,0,0,0,0.87936,0,0,0.8912,0
Parabacteroides_distasonis_ATCC_8503_isobut,0,0.64216,0,0,0,0.43968,0,0,0.4456,0
Parabacteroides_distasonis_ATCC_8503_ppa,0,0.64216,0,0,0,0.43968,0,0,0.4456,0
Parabacteroides_sp_D13_ac,0,1.1019,0,0,0,4.341,2.4286,0.8328,2.0016,0
Parabacteroides_sp_D13_ppa,0,0.55096,0,0,0,2.1705,1.2143,0.4164,1.0008,0
Prevotella_brevis_ATCC_19188_ac,0,6.2574,0,0,1.2034,0,0,0,0,0
Prevotella_brevis_ATCC_19188_isobut,0,3.1289,0,0,0.60176,0,0,0,0,0
Prevotella_brevis_ATCC_19188_ppa,0,3.1289,0,0,0.60176,0,0,0,0,0
Rothia_mucilaginosa_DY_18_ac,0,6.1396,0,0,1.1856,0,0,0,0,0
Rothia_mucilaginosa_DY_18_ppa,0,0,0,0,0,0,0,0,0,0
Streptococcus_anginosus_1_2_62CV_ac,0,1.003,0,0,0,0,0,0,0,0
Streptococcus_australis_ATCC_700641_ac,0,7.0479,0,0,0.80499,0,0,0,0,0
Streptococcus_australis_ATCC_700641_ppa,0,3.5242,0,0,0.40252,0,0,0,0,0
Streptococcus_constellatus_subsp_pharyngis_SK1060_ac,0,2.0566,0,0,0,0,0,0,0,0
Streptococcus_constellatus_subsp_pharyngis_SK1060_ppa,0,1.0283,0,0,0,0,0,0,0,0
Streptococcus_equinus_ATCC_9812_ac,0,2.0194,0,0,0,0,0,0,0,0
Streptococcus_gallolyticus_subsp_gallolyticus_ATCC_43143_ac,0,1.1724,0,0,0,0,0,0,0,0
Streptococcus_gallolyticus_subsp_gallolyticus_ATCC_43143_ppa,0,0.5862,0,0,0,0,0,0,0,0
Streptococcus_infantarius_subsp_infantarius_ATCC_BAA_102_ac,0,32.7354,0,0,0,0,0,0,1.8974,0
Streptococcus_infantis_ATCC_700779_ac,0,11.3856,0,0,0,0,0,0,0,0
Streptococcus_infantis_ATCC_700779_ppa,0,5.6928,0,0,0,0,0,0,0,0
Streptococcus_mitis_NCTC_12261_ac,0,5.6396,0,0,0,0,0,0,0,0
Streptococcus_mitis_NCTC_12261_ppa,0,2.8198,0,0,0,0,0,0,0,0
Streptococcus_oralis_Uo5_ac,0,12.7152,0,0,0,0,0,0,0,0
Streptococcus_oralis_Uo5_ppa,0,6.3576,0,0,0,0,0,0,0,0
Streptococcus_parasanguinis_ATCC_903_ac,0,60.4551,2.089,0,7.9393,1.2254,0,1.9046,0.9537,0
Streptococcus_parasanguinis_ATCC_903_ppa,0,30.2296,1.0446,0,3.9699,0.61276,0,0.95236,0.47688,0
Streptococcus_peroris_ATCC_700780_ac,0,2.0244,0,0,0,0,0,0,0,0
Streptococcus_peroris_ATCC_700780_ppa,0,1.0122,0,0,0,0,0,0,0,0
Streptococcus_pseudopneumoniae_IS7493_ac,0,3.6968,0,0,0,0,0,0,0,0
Streptococcus_pseudopneumoniae_IS7493_ppa,0,1.8484,0,0,0,0,0,0,0,0
Streptococcus_salivarius_JIM8777_ac,0,209.328,10.6024,0,19.2544,6.9966,2.3292,0.958,2.5914,4.1538
Streptococcus_salivarius_JIM8777_ppa,0,104.664,5.3012,0,9.6272,3.4983,1.1646,0.479,1.2957,2.0769
Streptococcus_sanguinis_SK36_ac,0,0.83376,0,0,0,0,0,0,0,0
Streptococcus_sanguinis_SK36_ppa,0,0.41688,0,0,0,0,0,0,0,0
Streptococcus_sp_2_1_36FAA_ac,0,1.6008,0,0,0,0,0,0,0,0
Streptococcus_sp_I_G2_ac,0,3.7469,0,0,0,0,0,0,0,0
Streptococcus_sp_I_P16_ac,0,4.6454,0,0,0,0,0,0,0,0
Streptococcus_thermophilus_LMG_18311_ac,0,16.1597,1.3158,0,1.3986,0,0,0,0,0
Streptococcus_vestibularis_F0396_ac,0,38.8848,1.9287,0,3.7988,1.3878,0,0,0,0
Streptococcus_vestibularis_F0396_ppa,0,19.4424,0.96436,0,1.8994,0.69392,0,0,0,0
Weissella_cibaria_KACC_11862_ac,0,3.0448,0,0,0,0,0,0,0,0
Weissella_cibaria_KACC_11862_but,0,0,0,0,0,0,0,0,0,0
Clostridium_symbiosum_WAL_14163_ac,0,0,0.91064,1.1125,1.6256,0,1.1152,0,1.243,1.1638
Clostridium_symbiosum_WAL_14163_but,0,0,0.45532,0.55624,0.8128,0,0.5576,0,0.62148,0.58192
Coprobacillus_sp_29_1_ac,0,0,0.9688,0.88448,0,1.5072,0,0,0,0
Coprobacillus_sp_29_1_but,0,0,0.4844,0.44224,0,0.7536,0,0,0,0
Coprobacillus_sp_29_1_isobut,0,0,0.4844,0.44224,0,0.7536,0,0,0,0
Coprococcus_eutactus_ATCC_27759_ac,0,0,1.6451,1.3795,2.3936,0,0,0,0,0
Coprococcus_eutactus_ATCC_27759_but,0,0,1.6451,1.3795,2.3936,0,0,0,0,0
Coprococcus_eutactus_ATCC_27759_ppa,0,0,0.82256,0.68976,1.1968,0,0,0,0,0
Eubacterium_biforme_DSM_3989_ac,0,0,34.7288,4.8844,9.7752,10.9536,0,0,0,0
Eubacterium_biforme_DSM_3989_but,0,0,17.3644,2.4422,4.8876,5.4768,0,0,0,0
Eubacterium_siraeum_DSM_15702_ac,0,0,0.83272,0,0,0,0,0,0,0
Eubacterium_siraeum_DSM_15702_but,0,0,0.41636,0,0,0,0,0,0,0
Marvinbryantia_formatexigens_I_52_DSM_14469_ac,0,0,0.84128,1.4329,0,0,0,0,0,0
Methanobrevibacter_smithii_ATCC_35061_ac,0,0,1.6658,0,0,0,0,0,0,0
Phascolarctobacterium_succinatutens_YIT_12067_ppa,0,0,16.7592,1.9823,1.5074,0,0,0.46672,3.0255,0
Prevotella_copri_CB7_DSM_18205_ac,0,0,1.8086,0,0,106.016,45.6488,144.432,0,0
Prevotella_copri_CB7_DSM_18205_ppa,0,0,0.90428,0,0,53.008,22.8244,72.216,0,0
Bacteroides_intestinalis_341_DSM_17393_ac,0,0,0,0.94048,0,0,2.3516,0,1.9647,0
Bacteroides_intestinalis_341_DSM_17393_isobut,0,0,0,0.47024,0,0,1.1758,0,0.98236,0
Bacteroides_intestinalis_341_DSM_17393_ppa,0,0,0,0.47024,0,0,1.1758,0,0.98236,0
Clostridiales_sp_1_7_47FAA_ac,0,0,0,0.90568,0,0.86136,0,0,1.2356,0
Clostridiales_sp_1_7_47FAA_but,0,0,0,0,0,0,0,0,0,0
Clostridium_bolteae_ATCC_BAA_613_ac,0,0,0,1.0206,1.2305,1.2158,3.626,0.84512,1.2525,0
Clostridium_bolteae_ATCC_BAA_613_but,0,0,0,0,0,0,0,0,0,0
Clostridium_symbiosum_WAL_14673_ac,0,0,0,2.0768,0.94096,0,0,0,0,0
Clostridium_symbiosum_WAL_14673_but,0,0,0,1.0384,0.47048,0,0,0,0,0
Eggerthella_sp_1_3_56FAA_ac,0,0,0,1.7999,0,0,3.666,2.129,1.6279,0
Erysipelotrichaceae_bacterium_5_2_54FAA_ac,0,0,0,1.8144,0,0,6.0562,0,0,0
Erysipelotrichaceae_bacterium_5_2_54FAA_but,0,0,0,0.9072,0,0,3.0281,0,0,0
Alistipes_finegoldii_DSM_17242_ac,0,0,0,0,1.0183,0,0.89986,0,0,1.1354
Alistipes_finegoldii_DSM_17242_ppa,0,0,0,0,0,0,0,0,0,0
Bacteroides_caCCAe_ATCC_43185_ac,0,0,0,0,3.917,2.7022,14.892,1.4851,29.7928,1.1204
Bacteroides_caCCAe_ATCC_43185_ppa,0,0,0,0,1.9585,1.3511,7.446,0.74256,14.8964,0.5602
Bacteroides_coprocola_M16_DSM_17136_ac,0,0,0,0,14.5184,4.4064,3.4174,1.9862,3.1256,6.7552
Bacteroides_coprocola_M16_DSM_17136_isobut,0,0,0,0,7.2592,2.2032,1.7087,0.99312,1.5628,3.3776
Bacteroides_coprocola_M16_DSM_17136_ppa,0,0,0,0,7.2592,2.2032,1.7087,0.99312,1.5628,3.3776
Bacteroides_coprophilus_DSM_18228_ac,0,0,0,0,3.192,9.0496,9.704,1.1857,0,0
Bacteroides_coprophilus_DSM_18228_isobut,0,0,0,0,1.596,4.5248,4.852,0.59284,0,0
Bacteroides_coprophilus_DSM_18228_ppa,0,0,0,0,1.596,4.5248,4.852,0.59284,0,0
Bacteroides_dorei_DSM_17855_ac,0,0,0,0,1.3523,3.485,8.4536,0,19.2416,3.532
Bacteroides_dorei_DSM_17855_isobut,0,0,0,0,0.67616,1.7425,4.2268,0,9.6208,1.766
Bacteroides_dorei_DSM_17855_ppa,0,0,0,0,0.67616,1.7425,4.2268,0,9.6208,1.766
Bacteroides_eggerthii_1_2_48FAA_ac,0,0,0,0,0.9756,1.239,1.89,0,3.1456,0
Bacteroides_eggerthii_1_2_48FAA_isobut,0,0,0,0,0.4878,0.61952,0.945,0,1.5728,0
Bacteroides_eggerthii_1_2_48FAA_ppa,0,0,0,0,0.4878,0.61952,0.945,0,1.5728,0
Bacteroides_finegoldii_DSM_17565_ac,0,0,0,0,1.4034,8.084,2.6738,0,9.7104,4.1476
Bacteroides_finegoldii_DSM_17565_isobut,0,0,0,0,0.70168,4.042,1.3369,0,4.8552,2.0738
Bacteroides_finegoldii_DSM_17565_ppa,0,0,0,0,0.70168,4.042,1.3369,0,4.8552,2.0738
Bacteroides_massiliensis_B846dnLKV334_ac,0,0,0,0,1.7305,44.36,0,8.164,0,14.68
Bacteroides_massiliensis_B846dnLKV334_ppa,0,0,0,0,0.86524,22.18,0,4.082,0,7.34
Bacteroides_sp_1_1_6_ac,0,0,0,0,0.96152,0.94544,2.3336,0,3.482,1.287
Bacteroides_sp_1_1_6_isobut,0,0,0,0,0.48076,0.47272,1.1668,0,1.741,0.64348
Bacteroides_sp_1_1_6_ppa,0,0,0,0,0.48076,0.47272,1.1668,0,1.741,0.64348
Bacteroides_sp_20_3_ac,0,0,0,0,1.3728,3.7128,1.8038,0,2.0382,1.061
Bacteroides_sp_20_3_isobut,0,0,0,0,0.6864,1.8564,0.90192,0,1.0191,0.53048
Bacteroides_sp_20_3_ppa,0,0,0,0,0.6864,1.8564,0.90192,0,1.0191,0.53048
Bacteroides_sp_3_1_33FAA_ac,0,0,0,0,1.4913,4.8664,9.0536,2.3798,18.8432,4.603
Bacteroides_sp_3_1_33FAA_isobut,0,0,0,0,0.74564,2.4332,4.5268,1.1899,9.4216,2.3015
Bacteroides_sp_3_1_33FAA_ppa,0,0,0,0,0.74564,2.4332,4.5268,1.1899,9.4216,2.3015
Bacteroides_sp_3_1_40A_ac,0,0,0,0,4.5284,25.2616,5.634,5.568,5.262,38.2568
Bacteroides_sp_3_1_40A_isobut,0,0,0,0,2.2642,12.6308,2.817,2.784,2.631,19.1284
Bacteroides_sp_3_1_40A_ppa,0,0,0,0,2.2642,12.6308,2.817,2.784,2.631,19.1284
Bacteroides_sp_4_1_36_ac,0,0,0,0,8.2448,2.7872,3.954,0,40.4944,8.32
Bacteroides_sp_4_1_36_isobut,0,0,0,0,4.1224,1.3936,1.977,0,20.2472,4.16
Bacteroides_sp_4_1_36_ppa,0,0,0,0,4.1224,1.3936,1.977,0,20.2472,4.16
Bacteroides_sp_4_3_47FAA_ac,0,0,0,0,2.766,23.5336,4.9764,4.808,1.4479,36.3952
Bacteroides_sp_4_3_47FAA_isobut,0,0,0,0,1.383,11.7668,2.4882,2.404,0.72396,18.1976
Bacteroides_sp_4_3_47FAA_ppa,0,0,0,0,1.383,11.7668,2.4882,2.404,0.72396,18.1976
Bacteroides_sp_9_1_42FAA_ac,0,0,0,0,1.3871,2.3272,8.0328,0,17.6208,3.1718
Bacteroides_sp_9_1_42FAA_isobut,0,0,0,0,0.69356,1.1636,4.0164,0,8.8104,1.5859
Bacteroides_sp_9_1_42FAA_ppa,0,0,0,0,0.69356,1.1636,4.0164,0,8.8104,1.5859
Bacteroides_sp_D20_ac,0,0,0,0,8.836,1.8941,3.6986,0,40.5712,6.0478
Bacteroides_sp_D20_isobut,0,0,0,0,4.418,0.94704,1.8493,0,20.2856,3.0239
Bacteroides_sp_D20_ppa,0,0,0,0,4.418,0.94704,1.8493,0,20.2856,3.0239
Bacteroides_thetaiotaomicron_VPI_5482_ac,0,0,0,0,1.048,1.2994,2.4988,0.84576,2.9184,0.98384
Bacteroides_thetaiotaomicron_VPI_5482_isobut,0,0,0,0,0.524,0.64968,1.2494,0.42288,1.4592,0.49192
Bacteroides_thetaiotaomicron_VPI_5482_ppa,0,0,0,0,0.524,0.64968,1.2494,0.42288,1.4592,0.49192
Bacteroides_uniformis_ATCC_8492_ac,0,0,0,0,7.799,1.9042,4.7622,0.93912,34.96,7.7718
Bacteroides_uniformis_ATCC_8492_isobut,0,0,0,0,3.8995,0.95208,2.3811,0.46956,17.48,3.8859
Bacteroides_uniformis_ATCC_8492_ppa,0,0,0,0,3.8995,0.95208,2.3811,0.46956,17.48,3.8859
Bacteroides_vulgatus_ATCC_8482_ac,0,0,0,0,4.29,36.0432,8.0632,8.7304,1.8946,22.0336
Bacteroides_vulgatus_ATCC_8482_isobut,0,0,0,0,2.145,18.0216,4.0316,4.3652,0.94732,11.0168
Bacteroides_vulgatus_ATCC_8482_ppa,0,0,0,0,2.145,18.0216,4.0316,4.3652,0.94732,11.0168
Butyricicoccus_pullicaecorum_1_2_ac,0,0,0,0,1.2863,0,0,0,0,0
Butyricicoccus_pullicaecorum_1_2_but,0,0,0,0,0.64316,0,0,0,0,0
Butyricicoccus_pullicaecorum_1_2_ppa,0,0,0,0,0.64316,0,0,0,0,0
Clostridium_asparagiforme_DSM_15981_ac,0,0,0,0,0.96369,0,1.9401,0,0.92521,0
Clostridium_botulinum_A_str_ATCC_3502_ac,0,0,0,0,1.7915,0,0,0,0,0
Clostridium_botulinum_A_str_ATCC_3502_but,0,0,0,0,1.7915,0,0,0,0,0
Clostridium_botulinum_A_str_ATCC_3502_isobut,0,0,0,0,0.89576,0,0,0,0,0
Clostridium_botulinum_A_str_ATCC_3502_ppa,0,0,0,0,0.89576,0,0,0,0,0
Clostridium_clostridioforme_CM201_ac,0,0,0,0,0.8392,0,0,0,0,0
Clostridium_clostridioforme_CM201_but,0,0,0,0,0,0,0,0,0,0
Clostridium_clostridioforme_CM201_ppa,0,0,0,0,0.4196,0,0,0,0,0
Clostridium_hathewayi_12489931_ac,0,0,0,0,1.9596,0,0.89792,0,0,0
Clostridium_hathewayi_12489931_ppa,0,0,0,0,0,0,0,0,0,0
Clostridium_sp_SY8519_ac,0,0,0,0,0.84544,0,0,0,0,0
Clostridium_sp_SY8519_but,0,0,0,0,0.84544,0,0,0,0,0
Clostridium_symbiosum_ATCC_14940_ac,0,0,0,0,0.8092,0,0,0,0,0
Clostridium_symbiosum_ATCC_14940_but,0,0,0,0,0.4046,0,0,0,0,0
Clostridium_symbiosum_ATCC_14940_ppa,0,0,0,0,0.40453,0,0,0,0,0
Desulfovibrio_piger_ATCC_29098_ac,0,0,0,0,3.548,1.0425,7.0456,0,0,0
Enterobacter_cancerogenus_ATCC_35316_ac,0,0,0,0,0.87696,0,0,0,0,0
Lactobacillus_salivarius_HO66_ATCC_11741_ac,0,0,0,0,6.7129,0,0,0,0,0
Lactobacillus_salivarius_salivarius_UCC118_ac,0,0,0,0,7.9563,0,0,0,0,0
Megamonas_funiformis_YIT_11815_ac,0,0,0,0,19.2564,112.001,0.99562,28.2758,0,17.6869
Megamonas_funiformis_YIT_11815_ppa,0,0,0,0,9.6288,56.004,0.49784,14.1388,0,8.844
Megamonas_hypermegale_ART12_1_ac,0,0,0,0,7.631,102.768,2.078,12.4584,0,36.1968
Megamonas_hypermegale_ART12_1_ppa,0,0,0,0,3.8155,51.384,1.039,6.2292,0,18.0984
Parabacteroides_johnsonii_DSM_18315_ac,0,0,0,0,0.84832,0.85824,1.1384,0,2.0584,0
Parabacteroides_johnsonii_DSM_18315_ppa,0,0,0,0,0.42416,0.42912,0.5692,0,1.0292,0
Parabacteroides_merdae_ATCC_43184_ac,0,0,0,0,8.0896,4.2896,4.9104,0,8.5152,1.2023
Parabacteroides_merdae_ATCC_43184_isobut,0,0,0,0,4.0448,2.1448,2.4552,0,4.2576,0.60116
Parabacteroides_merdae_ATCC_43184_ppa,0,0,0,0,4.0448,2.1448,2.4552,0,4.2576,0.60116
Paraprevotella_clara_YIT_11840_ac,0,0,0,0,15.0224,1.0715,0,0,22.1752,0
Paraprevotella_clara_YIT_11840_ppa,0,0,0,0,7.5112,0.53576,0,0,11.0876,0
Paraprevotella_xylaniphila_YIT_11841_ac,0,0,0,0,1.7015,10.7192,0,0,2.5172,0
Paraprevotella_xylaniphila_YIT_11841_ppa,0,0,0,0,0.85076,5.3596,0,0,1.2586,0
Pseudomonas_monteilii_NBRC_103158_ac,0,0,0,0,1.3014,0,0,0,0,0
Pseudomonas_monteilii_NBRC_103158_but,0,0,0,0,0.65068,0,0,0,0,0
Pseudomonas_monteilii_NBRC_103158_isobut,0,0,0,0,0.65068,0,0,0,0,0
Pseudomonas_monteilii_NBRC_103158_ppa,0,0,0,0,0.65068,0,0,0,0,0
Staphylococcus_capitis_CR0101_ac,0,0,0,0,0.87392,0,0,0,0,0
Staphylococcus_capitis_CR0101_ppa,0,0,0,0,0,0,0,0,0,0
Veillonella_atypica_ACS_049_V_Sch6_ac,0,0,0,0,1.9038,0,0,0,0,0.98216
Veillonella_atypica_ACS_049_V_Sch6_ppa,0,0,0,0,0.95188,0,0,0,0,0.49108
Veillonella_dispar_ATCC_17748_ac,0,0,0,0,1.7721,0,0,0,0,0
Veillonella_dispar_ATCC_17748_ppa,0,0,0,0,0.88608,0,0,0,0,0
Bacteroides_eggerthii_DSM_20697_ac,0,0,0,0,0,0.914,0,0,0,0
Bacteroides_eggerthii_DSM_20697_isobut,0,0,0,0,0,0.457,0,0,0,0
Bacteroides_eggerthii_DSM_20697_ppa,0,0,0,0,0,0.457,0,0,0,0
Bacteroides_fragilis_3_1_12_ac,0,0,0,0,0,0.99136,0,0,0,0
Bacteroides_fragilis_3_1_12_isobut,0,0,0,0,0,0.49568,0,0,0,0
Bacteroides_fragilis_3_1_12_ppa,0,0,0,0,0,0.49568,0,0,0,0
Mitsuokella_multacida_DSM_20544_ac,0,0,0,0,0,2.4626,0,0,0,0
Alistipes_onderdonkii_DSM_19147_ac,0,0,0,0,0,0,0.9383,0.93337,1.7271,0.64169
Alistipes_onderdonkii_DSM_19147_ppa,0,0,0,0,0,0,0,0,0,0
Alistipes_shahii_WAL_8301_ac,0,0,0,0,0,0,0.49626,0,0,0.40239
Alistipes_shahii_WAL_8301_ppa,0,0,0,0,0,0,0,0,0,0
Bacteroides_cellulosilyticus_DSM_14838_ac,0,0,0,0,0,0,4.4426,0,3.469,0
Bacteroides_cellulosilyticus_DSM_14838_isobut,0,0,0,0,0,0,2.2213,0,1.7345,0
Bacteroides_cellulosilyticus_DSM_14838_ppa,0,0,0,0,0,0,2.2213,0,1.7345,0
Bacteroides_ovatus_ATCC_8483_ac,0,0,0,0,0,0,3.1346,0,3.9754,1.9007
Bacteroides_ovatus_ATCC_8483_isobut,0,0,0,0,0,0,1.5673,0,1.9877,0.95036
Bacteroides_ovatus_ATCC_8483_ppa,0,0,0,0,0,0,1.5673,0,1.9877,0.95036
Bacteroides_ovatus_SD_CC_2a_ac,0,0,0,0,0,0,0.80848,0,0.93408,0
Bacteroides_ovatus_SD_CC_2a_isobut,0,0,0,0,0,0,0.40424,0,0.46704,0
Bacteroides_ovatus_SD_CC_2a_ppa,0,0,0,0,0,0,0.40424,0,0.46704,0
Bacteroides_salyersiae_WAL_10018_ac,0,0,0,0,0,0,3.9168,0,0,0
Bacteroides_salyersiae_WAL_10018_ppa,0,0,0,0,0,0,1.9584,0,0,0
Bacteroides_sp_1_1_14_ac,0,0,0,0,0,0,1.2969,0,2.2281,1.0343
Bacteroides_sp_1_1_14_isobut,0,0,0,0,0,0,0.64852,0,1.1142,0.5172
Bacteroides_sp_1_1_14_ppa,0,0,0,0,0,0,0.64852,0,1.1142,0.5172
Bacteroides_sp_1_1_30_ac,0,0,0,0,0,0,1.8076,0,2.2792,1.4348
Bacteroides_sp_1_1_30_isobut,0,0,0,0,0,0,0.9038,0,1.1396,0.7174
Bacteroides_sp_1_1_30_ppa,0,0,0,0,0,0,0.9038,0,1.1396,0.7174
Bacteroides_sp_2_1_22_ac,0,0,0,0,0,0,0.82568,0,1.5626,1.527
Bacteroides_sp_2_1_22_isobut,0,0,0,0,0,0,0.41284,0,0.78132,0.76352
Bacteroides_sp_2_1_22_ppa,0,0,0,0,0,0,0.41284,0,0.78132,0.76352
Bacteroides_sp_2_1_33B_ac,0,0,0,0,0,0,1.0396,0,1.1958,0
Bacteroides_sp_2_1_33B_isobut,0,0,0,0,0,0,0.5198,0,0.59792,0
Bacteroides_sp_2_1_33B_ppa,0,0,0,0,0,0,0.5198,0,0.59792,0
Bacteroides_sp_2_2_4_ac,0,0,0,0,0,0,1.9734,0,3.057,1.9699
Bacteroides_sp_2_2_4_isobut,0,0,0,0,0,0,0.98672,0,1.5285,0.98496
Bacteroides_sp_2_2_4_ppa,0,0,0,0,0,0,0.98672,0,1.5285,0.98496
Bacteroides_sp_3_1_23_ac,0,0,0,0,0,0,1.6679,0,3.8998,1.213
Bacteroides_sp_3_1_23_isobut,0,0,0,0,0,0,0.83396,0,1.9499,0.60648
Bacteroides_sp_3_1_23_ppa,0,0,0,0,0,0,0.83396,0,1.9499,0.60648
Bacteroides_sp_D2_ac,0,0,0,0,0,0,1.6844,0,3.0688,0.98784
Bacteroides_sp_D2_isobut,0,0,0,0,0,0,0.8422,0,1.5344,0.49392
Bacteroides_sp_D2_ppa,0,0,0,0,0,0,0.8422,0,1.5344,0.49392
Bacteroides_sp_D22_ac,0,0,0,0,0,0,1.5599,0,2.6772,2.6368
Bacteroides_sp_D22_isobut,0,0,0,0,0,0,0.77996,0,1.3386,1.3184
Bacteroides_sp_D22_ppa,0,0,0,0,0,0,0.77996,0,1.3386,1.3184
Bacteroides_xylanisolvens_XB1A_ac,0,0,0,0,0,0,1.172,0,1.9753,1.7099
Bacteroides_xylanisolvens_XB1A_isobut,0,0,0,0,0,0,0.586,0,0.98764,0.85496
Bacteroides_xylanisolvens_XB1A_ppa,0,0,0,0,0,0,0.586,0,0.98764,0.85496
Bifidobacterium_stercoris_ATCC_43183_ac,0,0,0,0,0,0,0.85827,0,5.5887,0
Bifidobacterium_stercoris_ATCC_43183_ppa,0,0,0,0,0,0,0.42916,0,2.7945,0
Exiguobacterium_aurantiacum_DSM_6208_ac,0,0,0,0,0,0,23.6464,0,0,0
Exiguobacterium_aurantiacum_DSM_6208_ppa,0,0,0,0,0,0,11.8232,0,0,0
Gordonibacter_pamelaeae_7_10_1_bT_DSM_19378_ac,0,0,0,0,0,0,1.0113,0.82952,0,0
Prevotella_conceptionensis_9403948_ac,0,0,0,0,0,0,3.965,0,0,0
Prevotella_conceptionensis_9403948_ppa,0,0,0,0,0,0,1.9826,0,0,0
Propionibacterium_jensenii_DSM_20535_ac,0,0,0,0,0,0,0.99656,0,0,0.80312
Propionibacterium_jensenii_DSM_20535_ppa,0,0,0,0,0,0,0.99656,0,0,0.80312
Akkermansia_muciniphila_ATCC_BAA_835_ac,0,0,0,0,0,0,0,1.6497,0,0
Akkermansia_muciniphila_ATCC_BAA_835_ppa,0,0,0,0,0,0,0,0.82576,0,0
Citrobacter_koseri_ATCC_BAA_895_ac,0,0,0,0,0,0,0,8.0064,0,0
Citrobacter_koseri_ATCC_BAA_895_but,0,0,0,0,0,0,0,4.0032,0,0
Citrobacter_koseri_ATCC_BAA_895_ppa,0,0,0,0,0,0,0,8.0064,0,0
Clostridium_spiroforme_DSM_1552_ac,0,0,0,0,0,0,0,0.95104,0,0
Pediococcus_pentosaceus_ATCC_25745_ac,0,0,0,0,0,0,0,5.8946,0,0
Pediococcus_pentosaceus_ATCC_25745_ppa,0,0,0,0,0,0,0,0,0,0
Bacteroides_oleiciplenus_YIT_12058_ac,0,0,0,0,0,0,0,0,0.94192,0
Bacteroides_oleiciplenus_YIT_12058_ppa,0,0,0,0,0,0,0,0,0.47096,0
Bacteroides_sp_D1_ac,0,0,0,0,0,0,0,0,1.266,1.012
Bacteroides_sp_D1_isobut,0,0,0,0,0,0,0,0,0.633,0.506
Bacteroides_sp_D1_ppa,0,0,0,0,0,0,0,0,0.633,0.506
Bacteroides_xylanisolvens_SD_CC_1b_ac,0,0,0,0,0,0,0,0,0.94752,0
Bacteroides_xylanisolvens_SD_CC_1b_isobut,0,0,0,0,0,0,0,0,0.47376,0
Bacteroides_xylanisolvens_SD_CC_1b_ppa,0,0,0,0,0,0,0,0,0.47376,0
Clostridium_ramosum_VPI_0427_DSM_1402_ac,0,0,0,0,0,0,0,0,1.5809,0
Coprobacillus_sp_D7_ac,0,0,0,0,0,0,0,0,1.7071,0
Coprobacillus_sp_D7_but,0,0,0,0,0,0,0,0,0.85356,0
Coprobacillus_sp_D7_isobut,0,0,0,0,0,0,0,0,0.85356,0
Mycoplasma_hominis_ATCC_23114_ac,0,0,0,0,0,0,0,0,0.089559,0
Oceanobacillus_picturae_strain_S1_ac,0,0,0,0,0,0,0,0,4.3892,1.069
Oceanobacillus_picturae_strain_S1_but,0,0,0,0,0,0,0,0,2.1946,0.53452
Oceanobacillus_picturae_strain_S1_ppa,0,0,0,0,0,0,0,0,4.3892,1.069
Parabacteroides_goldsteinii_dnLKV18_ac,0,0,0,0,0,0,0,0,1.3683,0
Parabacteroides_goldsteinii_dnLKV18_ppa,0,0,0,0,0,0,0,0,0.68416,0
Adlercreutzia_equolifaciens_DSM_19450_ac,0,0,0,0,0,0,0,0,0,0.69014
