,CTR_A_461K_BV0D0,CTR_A_464S_WV0D0,CTR_A_465N_LV0D0,CTR_A_466Y_YV0D0,CTR_A_564P_MV0D0,CTR_SRR23389344,CTR_SRR23389345,CTR_SRR23389347,CTR_SRR23389348,CTR_SRR23389350
Actinomyces_odontolyticus_ATCC_17982_ac,-1.8019,-0.69864,0,0,-0.41528,0,0,0,0,0
Actinomyces_oris_K20_ac,-1.0246,-0.69065,-1.6016,-3.1925,-1.5091,-1.3568,-3.6941,-3.8876,-16.0573,-3.1755
Actinomyces_oris_K20_ppa,-1.0273,-0.69248,-1.6058,-3.201,-1.5131,-1.3604,-3.7039,-3.898,-16.1,-3.184
Anaerotruncus_colihominis_DSM_17241_ac,-0.63412,0,-0.70956,-0.79752,-0.97448,0,-0.5104,0,0,0
Anaerotruncus_colihominis_DSM_17241_but,-0.63412,0,-0.70956,-0.79752,-0.97448,0,-0.5104,0,0,0
Bacillus_timonensis_JC401_ac,-4.404,-6.1992,-4.9696,-13.2192,-4.0928,-6.5496,-25.3208,-12.418,-14.6096,-8.664
Bacillus_timonensis_JC401_ppa,-4.404,-6.1992,-4.9696,-13.2192,-4.0928,-6.5496,-25.3208,-12.418,-14.6096,-8.664
Bacteroides_pectinophilus_ATCC_43243_ac,-1.4325,0,-2.2167,-0.98096,-2.0691,-0.6718,-0.9484,-1.1069,-1.736,-2.1778
Bacteroides_pectinophilus_ATCC_43243_ppa,-1.4325,0,-2.2167,-0.98096,-2.0691,-0.6718,-0.9484,-1.1069,-1.736,-2.1778
Bacteroides_plebeius_M12_DSM_17135_ac,-0.55208,0,0,-0.57676,-7.872,-0.91976,-1.3463,-2.0592,-0.53692,0
Bacteroides_plebeius_M12_DSM_17135_isobut,-0.55208,0,0,-0.57676,-7.872,-0.91976,-1.3463,-2.0592,-0.53692,0
Bacteroides_plebeius_M12_DSM_17135_ppa,-0.55208,0,0,-0.57676,-7.872,-0.91976,-1.3463,-2.0592,-0.53692,0
Bifidobacterium_adolescentis_ATCC_15703_ac,-18.4904,-8.5816,0,0,-3.4504,0,0,0,0,0
Bifidobacterium_bifidum_BGN4_ac,-1.3572,-0.96676,0,0,-0.4432,0,0,0,0,-1.6026
Bifidobacterium_bifidum_NCIMB_41171_ac,-1.1507,-0.91344,0,0,0,0,0,0,0,-1.0775
Bifidobacterium_bifidum_PRL2010_ac,-1.0379,-0.8272,0,0,0,0,0,0,0,-1.048
Bifidobacterium_bifidum_S17_ac,-1.1717,-0.77356,0,0,0,0,0,0,0,-0.95412
Bifidobacterium_catenulatum_DSM_16992_ac,-1.0658,-0.62744,0,0,0,0,-0.91424,0,0,0
Bifidobacterium_longum_DJO10A_ac,-1.2088,0,0,0,0,0,-0.60204,0,0,0
Bifidobacterium_longum_E18_ac,-1.1548,0,0,0,0,0,-0.41952,0,0,0
Bifidobacterium_longum_NCC2705_ac,-1.2948,0,0,0,0,0,0,0,0,0
Bifidobacterium_longum_infantis_157F_NC_ac,-1.2785,0,0,0,0,0,-0.47136,0,0,0
Bifidobacterium_longum_longum_ATCC_55813_ac,-1.5469,0,0,0,0,0,-0.42948,0,0,0
Bifidobacterium_longum_longum_BBMN68_ac,-1.5411,0,0,0,0,0,-0.49684,0,0,0
Bifidobacterium_longum_longum_CCUG_52486_ac,-1.2895,0,0,0,0,0,0,0,0,0
Bifidobacterium_longum_longum_JCM_1217_ac,-1.1768,0,0,0,0,0,-0.4264,0,0,0
Bifidobacterium_longum_longum_JDM301_ac,-0.6762,0,0,0,0,0,0,0,0,0
Bifidobacterium_pseudocatenulatum_DSM_20438_ac,-1.6125,-0.55176,0,0,0,0,-7.6792,-0.54076,-1.8498,-1.4203
Bifidobacterium_ruminantium_DSM_6489_ac,-0.749,0,0,0,0,0,0,0,0,0
Bifidobacterium_ruminantium_DSM_6489_ppa,-0.749,0,0,0,0,0,0,0,0,0
Blautia_hansenii_VPI_C7_24_DSM_20583_ac,-0.75168,0,-1.1823,-0.89644,-0.86848,-0.55032,-1.062,-2.9539,-0.71648,-2.4062
Blautia_hydrogenotrophica_DSM_10507_ac,-0.47784,0,0,-1.8568,0,0,0,0,0,0
Blautia_hydrogenotrophica_DSM_10507_isobut,-0.47784,0,0,-1.8568,0,0,0,0,0,0
Butyrivibrio_crossotus_DSM_2876_ac,-1.5192,0,-1.641,-0.4388,-1.0266,0,0,-0.79136,0,-1.006
Butyrivibrio_crossotus_DSM_2876_but,-1.5192,0,-1.641,-0.4388,-1.0266,0,0,-0.79136,0,-1.006
Clostridium_bartlettii_DSM_16795_ac,-0.70176,0,0,0,0,0,0,0,0,-0.54116
Clostridium_bartlettii_DSM_16795_isobut,-0.70176,0,0,0,0,0,0,0,0,-0.54116
Clostridium_bartlettii_DSM_16795_ppa,-0.70176,0,0,0,0,0,0,0,0,-0.54116
Clostridium_innocuum_2959_ac,-0.48444,0,0,0,0,0,-0.48984,0,-0.56372,0
Clostridium_innocuum_2959_but,-0.48444,0,0,0,0,0,-0.48984,0,-0.56372,0
Clostridium_innocuum_2959_ppa,-0.48444,0,0,0,0,0,-0.48984,0,-0.56372,0
Clostridium_leptum_DSM_753_ac,-3.2872,0,-0.48984,-10.282,-2.0537,0,-2.0852,0,0,-0.47784
Clostridium_nexile_DSM_1787_ac,-4.2696,-0.45416,-1.9694,-3.5097,-1.9433,-0.9732,-1.6384,-2.6131,-5.6932,-4.9628
Clostridium_scindens_ATCC_35704_ac,-0.5258,-1.7226,0,-3.7166,0,0,-0.7766,0,0,0
Clostridium_sp_L2_50_ac,-0.478,0,-7.4324,-1.9816,-2.5106,-0.66024,-1.0141,-3.3473,-0.48636,-0.75612
Clostridium_sp_L2_50_but,-0.478,0,-7.4324,-1.9816,-2.5106,-0.66024,-1.0141,-3.3473,-0.48636,-0.75612
Clostridium_sp_M62_1_ac,-1.1857,0,-1.9459,-2.69,-1.8643,-1.2779,-1.0963,-1.2376,-1.481,-1.1276
Clostridium_sp_M62_1_but,-1.1857,0,-1.9459,-2.69,-1.8643,-1.2779,-1.0963,-1.2376,-1.481,-1.1276
Clostridium_sp_SS2_1_ac,-0.58064,-0.92552,-4.6588,-11.91,-0.47124,-1.4082,-10.0684,-2.6743,-5.8212,-6.7772
Clostridium_sp_SS2_1_but,-0.58064,-0.92552,-4.6588,-11.91,-0.47124,-1.4082,-10.0684,-2.6743,-5.8212,-6.7772
Collinsella_aerofaciens_ATCC_25986_ac,-5.5712,-2.5257,-1.2981,0,-5.1744,-17.7508,-30.082,-17.0516,0,0
Collinsella_intestinalis_DSM_13280_ac,-13.1856,-1.1323,0,0,0,0,0,-0.83948,0,-4.924
Collinsella_stercoris_DSM_13279_ac,-0.5632,-9.1896,0,0,0,0,0,0,0,0
Coprococcus_catus_GD_7_ac,-3.15,0,-3.1801,-1.4591,-1.6597,-0.88492,-1.5022,-2.3678,-0.92732,-2.2697
Coprococcus_catus_GD_7_but,-3.15,0,-3.1801,-1.4591,-1.6597,-0.88492,-1.5022,-2.3678,-0.92732,-2.2697
Coprococcus_catus_GD_7_ppa,-3.15,0,-3.1801,-1.4591,-1.6597,-0.88492,-1.5022,-2.3678,-0.92732,-2.2697
Coprococcus_comes_ATCC_27758_ac,-1.106,-0.80912,-7.5524,-5.6232,-4.492,-3.0572,-1.853,-4.0544,-1.1811,-8.6788
Coprococcus_comes_ATCC_27758_but,-1.106,-0.80912,-7.5524,-5.6232,-4.492,-3.0572,-1.853,-4.0544,-1.1811,-8.6788
Coprococcus_comes_ATCC_27758_ppa,-1.1051,-0.80848,-7.5465,-5.6188,-4.4885,-3.0548,-1.8516,-4.0512,-1.1802,-8.672
Corynebacterium_ureicelerivorans_ac,-0.71408,-0.57652,0,0,0,0,-0.88692,0,0,0
Corynebacterium_ureicelerivorans_ppa,-0.71408,-0.57652,0,0,0,0,-0.88692,0,0,0
Dermacoccus_nishinomiyaensis_ac,-26.368,-11.5156,0,0,-4.706,0,0,0,0,0
Dermacoccus_nishinomiyaensis_ppa,-26.368,-11.5156,0,0,-4.706,0,0,0,0,0
Dialister_invisus_DSM_15470_ac,-0.4351,0,0,0,0,0,0,0,0,0
Dialister_invisus_DSM_15470_ppa,-0.43624,0,0,0,0,0,0,0,0,0
Dialister_succinatiphilus_YIT_11850_ac,-2.4927,0,0,0,0,-2.3114,-1.8839,0,0,0
Dialister_succinatiphilus_YIT_11850_ppa,-2.4927,0,0,0,0,-2.3114,-1.8839,0,0,0
Dorea_formicigenerans_ATCC_27755_ac,-2.3781,-1.379,-3.613,-4,-1.5929,-2.0046,-1.605,-4.8676,-1.8978,-3.2015
Dorea_formicigenerans_ATCC_27755_ppa,-2.3781,-1.379,-3.613,-4,-1.5929,-2.0046,-1.605,-4.8676,-1.8978,-3.2015
Dorea_longicatena_DSM_13814_ac,-5.9684,-3.0956,-3.3968,-3.2898,-1.6901,-14.2828,-3.8924,-10.9044,-0.50956,-6.0696
Enterobacter_hormaechei_YT2_ac,-0.43504,0,0,0,-0.57176,0,0,0,0,0
Enterobacter_hormaechei_YT2_ppa,-0.43504,0,0,0,-0.57176,0,0,0,0,0
Escherichia_coli_O157_H7_str_Sakai_ac,-3.4488,-2.2128,0,-0.60588,0,0,0,0,0,0
Escherichia_coli_O157_H7_str_Sakai_ppa,-3.4488,-2.2128,0,-0.60588,0,0,0,0,0,0
Escherichia_coli_SE11_ac,-12.6048,-4.2016,-0.4666,-0.99924,-0.58412,0,0,0,-0.42428,0
Escherichia_coli_SE11_ppa,-12.6048,-4.2016,-0.4666,-0.99924,-0.58412,0,0,0,-0.42428,0
Escherichia_coli_UTI89_UPEC_ac,-1.2974,-5.3716,0,0,0,0,0,0,0,0
Escherichia_coli_UTI89_UPEC_ppa,-1.2974,-5.3716,0,0,0,0,0,0,0,0
Escherichia_coli_str_K_12_substr_MG1655_ac,-8.024,-4.56,0,-0.58184,-0.81304,0,0,0,0,0
Escherichia_coli_str_K_12_substr_MG1655_ppa,-8.024,-4.56,0,-0.58184,-0.81304,0,0,0,0,0
Escherichia_fergusonii_ATCC_35469_ac,-0.63488,-0.49476,0,0,0,0,0,0,0,0
Escherichia_fergusonii_ATCC_35469_ppa,-0.63488,-0.49476,0,0,0,0,0,0,0,0
Escherichia_sp_1_1_43_ac,-7.4664,-4.4716,0,-0.61032,-0.601,0,0,0,0,0
Escherichia_sp_3_2_53FAA_ac,-1.392,-5.2412,0,0,0,0,0,0,0,0
Escherichia_sp_3_2_53FAA_ppa,-1.392,-5.2412,0,0,0,0,0,0,0,0
Escherichia_sp_4_1_40B_ac,-8.1204,-4.736,0,-0.66448,-0.78352,0,0,0,0,0
Escherichia_sp_4_1_40B_ppa,-8.1204,-4.736,0,-0.66448,-0.78352,0,0,0,0,0
Eubacterium_dolichum_DSM_3991_ac,-0.65932,0,-0.7814,-1.0194,0,-0.47572,0,0,0,-1.1233
Eubacterium_dolichum_DSM_3991_but,-0.65932,0,-0.7814,-1.0194,0,-0.47572,0,0,0,-1.1233
Eubacterium_eligens_ATCC_27750_ac,-0.95096,0,-2.743,-3.4247,-1.2618,-1.6076,-2.3614,-2.7534,-24.2296,-14.3204
Eubacterium_eligens_ATCC_27750_ppa,-0.95096,0,-2.743,-3.4247,-1.2618,-1.6076,-2.3614,-2.7534,-24.2296,-14.3204
Eubacterium_hallii_DSM_3353_ac,-7.1536,-0.64276,-1.1961,-1.3738,-1.4672,-2.4974,-10.7052,-9.7868,-3.2321,-6.2156
Eubacterium_hallii_DSM_3353_but,-7.1536,-0.64276,-1.1961,-1.3738,-1.4672,-2.4974,-10.7052,-9.7868,-3.2321,-6.2156
Eubacterium_rectale_ATCC_33656_ac,-36.18,-1.7954,-57.408,-2.6156,-9.246,-2.5427,-2.9164,-26.6272,-0.95232,-6.3568
Eubacterium_rectale_ATCC_33656_but,-36.18,-1.7954,-57.408,-2.6156,-9.246,-2.5427,-2.9164,-26.6272,-0.95232,-6.3568
Eubacterium_rectale_M104_1_ac,-32.9756,-1.892,-53.944,-2.3254,-8.6196,-2.225,-2.4784,-23.9408,0,-6.002
Eubacterium_rectale_M104_1_but,-32.9756,-1.892,-53.944,-2.3254,-8.6196,-2.225,-2.4784,-23.9408,0,-6.002
Eubacterium_siraeum_70_3_ac,-0.45816,0,-0.76772,0,0,0,0,0,0,0
Eubacterium_siraeum_70_3_but,-0.45816,0,-0.76772,0,0,0,0,0,0,0
Eubacterium_ventriosum_ATCC_27560_ac,-2.6586,0,-1.811,-1.8078,-3.4131,-0.45348,-0.76388,-0.69452,-1.2228,-2.5809
Eubacterium_ventriosum_ATCC_27560_but,-2.6586,0,-1.811,-1.8078,-3.4131,-0.45348,-0.76388,-0.69452,-1.2228,-2.5809
Faecalibacterium_cf_prausnitzii_KLE1255_ac,-39.7876,0,-21.2028,-58.624,-14.6944,-0.656,-2.9328,-16.268,-12.8512,-2.6701
Faecalibacterium_cf_prausnitzii_KLE1255_but,-39.7876,0,-21.2028,-58.624,-14.6944,-0.656,-2.9328,-16.268,-12.8512,-2.6701
Faecalibacterium_prausnitzii_L2_6_ac,-7.3252,0,-26.684,-61.248,-15.0764,-0.68052,-46.74,-34.6292,-21.2352,-8.2264
Faecalibacterium_prausnitzii_L2_6_but,-7.3252,0,-26.684,-61.248,-15.0764,-0.68052,-46.74,-34.6292,-21.2352,-8.2264
Faecalibacterium_prausnitzii_M21_2_ac,-4.3448,0,-11.9088,-38.2124,-7.1868,0,-2.433,-6.6328,-4.5912,-9.3988
Faecalibacterium_prausnitzii_M21_2_but,-4.3448,0,-11.9088,-38.2124,-7.1868,0,-2.433,-6.6328,-4.5912,-9.3988
Faecalibacterium_prausnitzii_M21_2_ppa,-4.3448,0,-11.9088,-38.2124,-7.1868,0,-2.433,-6.6328,-4.5912,-9.3988
Faecalibacterium_prausnitzii_SL3_3_ac,-4.148,0,-10.8828,-36.5592,-6.7628,0,-2.2036,-5.7808,-4.1416,-8.9536
Faecalibacterium_prausnitzii_SL3_3_but,-4.148,0,-10.8828,-36.5592,-6.7628,0,-2.2036,-5.7808,-4.1416,-8.9536
Faecalibacterium_prausnitzii_SL3_3_ppa,-4.148,0,-10.8828,-36.5592,-6.7628,0,-2.2036,-5.7808,-4.1416,-8.9536
Holdemania_filiformis_VPI_J1_31B_1_DSM_12042_ac,-0.88548,0,-1.1023,-1.9281,-0.40836,0,0,0,-0.48468,0
Klebsiella_pneumoniae_pneumoniae_MGH78578_ac,-10.7716,-8.1844,0,-0.66536,-5.6488,0,0,-3.8102,-0.66004,0
Klebsiella_sp_1_1_55_ac,-1.2734,-0.98672,0,0,-1.5872,0,0,-0.54624,0,0
Lachnospiraceae_bacterium_sp_5_1_63FAA_ac,-0.43724,-0.83792,-3.8643,-17.138,-0.4326,-1.2339,-9.2508,-2.5106,-4.8084,-6.1208
Lachnospiraceae_bacterium_sp_5_1_63FAA_but,-0.43724,-0.83792,-3.8643,-17.138,-0.4326,-1.2339,-9.2508,-2.5106,-4.8084,-6.1208
Lachnospiraceae_bacterium_sp_8_1_57FAA_ac,-7.712,-0.54876,-1.3545,-5.792,-8.6004,-4.0304,-4.2764,-1.3772,-1.8614,-1.7648
Lactobacillus_ruminis_ATCC_25644_ac,-6.9484,0,0,0,0,0,0,0,0,0
Odoribacter_splanchnicus_1651_6_DSM_20712_ac,-0.67212,0,0,0,0,0,-1.3178,-0.5574,0,-0.73176
Odoribacter_splanchnicus_1651_6_DSM_20712_but,-0.67212,0,0,0,0,0,-1.3178,-0.5574,0,-0.73176
Odoribacter_splanchnicus_1651_6_DSM_20712_isobut,-0.67212,0,0,0,0,0,-1.3178,-0.5574,0,-0.73176
Odoribacter_splanchnicus_1651_6_DSM_20712_ppa,-0.67212,0,0,0,0,0,-1.3178,-0.5574,0,-0.73176
Olsenella_uli_DSM_7084_ac,-0.79156,0,0,0,0,0,0,0,0,0
Olsenella_uli_DSM_7084_ppa,-0.79156,0,0,0,0,0,0,0,0,0
Pseudoflavonifractor_capillosus_strain_ATCC_29799_ac,-0.66968,0,-0.88508,-0.5306,-1.3866,0,-0.43272,-0.45512,-0.41264,-0.48524
Roseburia_intestinalis_L1_82_ac,-2.1669,0,-5.5492,-1.8808,-25.298,-2.4244,-0.99552,-1.4387,-15.7544,-24.8464
Roseburia_intestinalis_L1_82_but,-2.1669,0,-5.5492,-1.8808,-25.298,-2.4244,-0.99552,-1.4387,-15.7544,-24.8464
Roseburia_inulinivorans_DSM_16841_ac,-5.666,0,-7.0476,-15.1164,-20.9736,-1.9524,-7.278,-4.0548,-3.5168,-19.3872
Roseburia_inulinivorans_DSM_16841_but,-5.666,0,-7.0476,-15.1164,-20.9736,-1.9524,-7.278,-4.0548,-3.5168,-19.3872
Roseburia_inulinivorans_DSM_16841_ppa,-5.666,0,-7.0476,-15.1164,-20.9736,-1.9524,-7.278,-4.0548,-3.5168,-19.3872
Roseomonas_mucosa_ATCC_BAA_692_ac,-0.44444,0,0,0,-0.57532,0,0,0,0,0
Roseomonas_mucosa_ATCC_BAA_692_ppa,-7.7386e-05,0,0,0,-0.0001174,0,0,0,0,0
RuminocoCCAceae_bacterium_D16_ac,-0.87624,0,-1.8264,-2.1071,-1.8418,0,-0.8026,-0.74516,-0.79308,-0.69232
RuminocoCCAceae_bacterium_D16_but,-0.87624,0,-1.8264,-2.1071,-1.8418,0,-0.8026,-0.74516,-0.79308,-0.69232
Ruminococcus_bicirculans_80_3_ac,-2.6414,0,0,-9.6528,-31.158,0,0,0,0,0
Ruminococcus_bromii_L2_63_ac,-12.7152,0,-23.6736,-0.86996,-13.3212,0,0,0,-8.0664,-11.8168
Ruminococcus_chamellensis_18P13_ac,-0.45696,0,-1.297,-0.84624,-1.2207,0,0,0,0,0
Ruminococcus_gnavus_ATCC_29149_ac,-2.1917,-2.0444,-0.78252,-1.9171,-1.353,-2.538,-2.2659,-2.062,-4.234,-7.3552
Ruminococcus_gnavus_ATCC_29149_ppa,-2.1917,-2.0444,-0.78197,-1.9171,-1.353,-2.5362,-2.2643,-2.062,-4.234,-7.35
Ruminococcus_lactaris_ATCC_29176_ac,-0.64128,0,-13.6144,-4.5952,-2.1928,-2.9946,-0.80204,-2.892,-0.461,-1.3256
Ruminococcus_obeum_A2_162_ac,-1.4521,-0.5986,-2.6693,-3.7278,-2.025,-1.0527,-3.6691,-2.5398,-2.3341,-3.2064
Ruminococcus_obeum_A2_162_ppa,-1.4521,-0.5986,-2.6693,-3.7278,-2.025,-1.0527,-3.6691,-2.5398,-2.3341,-3.2064
Ruminococcus_sp_5_1_39BFAA_ac,-4.9256,-8.0876,-5.336,-14.3028,-4.6308,-9.0908,-31.6016,-16.0436,-16.736,-10.6052
Ruminococcus_sp_SR1_5_ac,-1.7933,-1.4182,-3.4378,-1.7883,-1.5957,-4.7044,-15.3596,-5.4824,-4.2544,-6.1416
Ruminococcus_sp_SR1_5_ppa,-1.7933,-1.4182,-3.4378,-1.7883,-1.5957,-4.7044,-15.3596,-5.4824,-4.2544,-6.1416
Ruminococcus_torques_ATCC_27756_ac,-6.8472,0,-0.96184,-4.3864,-7.1516,-3.7084,-2.7706,0,-0.87056,-0.57528
Ruminococcus_torques_ATCC_27756_ppa,-6.8472,0,-0.96184,-4.3864,-7.1516,-3.7084,-2.7706,0,-0.87056,-0.57528
Ruminococcus_torques_L2_14_ac,-2.0146,-1.6557,-25.1072,-8.3324,-3.3601,-5.5936,-2.495,-8.7296,-1.4646,-19.2488
Ruminococcus_torques_L2_14_ppa,-2.0146,-1.6557,-25.1072,-8.3324,-3.3601,-5.5936,-2.495,-8.7296,-1.4646,-19.2488
Slackia_piriformis_YIT_12062_ac,-0.44072,0,0,0,0,0,0,0,0,0
Subdoligranulum_variabile_DSM_15176_ac,-3.5602,0,-2.1924,-1.258,-1.1639,0,-2.9916,-1.8238,0,-1.2197
Subdoligranulum_variabile_DSM_15176_but,-3.5602,0,-2.1924,-1.258,-1.1639,0,-2.9916,-1.8238,0,-1.2197
Weissella_confusa_LBAE_C39_2_ac,-0.99732,-18.6228,0,0,0,0,0,0,0,0
Bacteroides_ovatus_SD_CMC_3f_ac,0,-0.84444,0,0,0,-0.8316,-1.8488,-0.46672,-1.4396,-0.64084
Bacteroides_ovatus_SD_CMC_3f_isobut,0,-0.84444,0,0,0,-0.8316,-1.8488,-0.46672,-1.4396,-0.64084
Bacteroides_ovatus_SD_CMC_3f_ppa,0,-0.84444,0,0,0,-0.8316,-1.8488,-0.46672,-1.4396,-0.64084
Bacteroides_sp_2_1_7_ac,0,-0.52296,0,0,0,-0.45372,-0.40208,0,-0.80484,-0.7856
Bacteroides_sp_2_1_7_isobut,0,-0.52296,0,0,0,-0.45372,-0.40208,0,-0.80484,-0.7856
Bacteroides_sp_2_1_7_ppa,0,-0.52296,0,0,0,-0.45372,-0.40208,0,-0.80484,-0.7856
Bacteroides_sp_3_1_19_ac,0,-0.6232,0,0,0,-0.58452,-0.41948,0,-0.67232,-0.71796
Bacteroides_sp_3_1_19_isobut,0,-0.6232,0,0,0,-0.58452,-0.41948,0,-0.67232,-0.71796
Bacteroides_sp_3_1_19_ppa,0,-0.6232,0,0,0,-0.58452,-0.41948,0,-0.67232,-0.71796
Bacteroides_stercoris_ATCC_43183_ac,0,-4.2396,0,0,-2.5789,-5.2488,0,-0.73852,-23.078,-21.1824
Bacteroides_stercoris_ATCC_43183_isobut,0,-4.2396,0,0,-2.5789,-5.2488,0,-0.73852,-23.078,-21.1824
Bacteroides_stercoris_ATCC_43183_ppa,0,-4.2396,0,0,-2.5789,-5.2488,0,-0.73852,-23.078,-21.1824
Bilophila_wadsworthia_3_1_6_ac,0,-2.0588,0,0,-0.44336,0,-2.867,-0.85876,-0.68316,0
Clostridium_sordellii_ATCC_9714_ac,0,-0.69752,0,0,0,0,0,0,0,0
Clostridium_sordellii_ATCC_9714_but,0,-0.69752,0,0,0,0,0,0,0,0
Clostridium_sordellii_ATCC_9714_isobut,0,-0.69752,0,0,0,0,0,0,0,0
Clostridium_sordellii_ATCC_9714_ppa,0,-0.69752,0,0,0,0,0,0,0,0
Collinsella_tanakaei_YIT_12063_ac,0,-3.0228,0,0,-0.45124,0,0,0,0,0
Collinsella_tanakaei_YIT_12063_ppa,0,-3.0228,0,0,-0.45124,0,0,0,0,0
Enterobacter_aerogenes_KCTC_2190_ac,0,-0.75704,0,0,-0.71024,0,0,0,0,0
Enterobacter_aerogenes_KCTC_2190_ppa,0,-0.75704,0,0,-0.71024,0,0,0,0,0
Eubacterium_sulci_ATCC_35585_ac,0,-0.82052,0,0,0,0,0,0,0,0
Eubacterium_sulci_ATCC_35585_but,0,-0.82052,0,0,0,0,0,0,0,0
Eubacterium_sulci_ATCC_35585_ppa,0,-0.82052,0,0,0,0,0,0,0,0
Fusobacterium_mortiferum_ATCC_9817_ac,0,-0.55392,0,0,0,0,0,-0.42252,0,-1.7297
Fusobacterium_mortiferum_ATCC_9817_but,0,-0.55392,0,0,0,0,0,-0.42252,0,-1.7297
Fusobacterium_mortiferum_ATCC_9817_ppa,0,-0.55392,0,0,0,0,0,-0.42252,0,-1.7297
Gemella_sanguinis_M325_ac,0,-0.68264,0,0,0,0,0,0,0,0
Granulicatella_adiacens_ATCC_49175_ac,0,-0.42092,0,0,0,0,0,0,0,0
Granulicatella_adiacens_ATCC_49175_ppa,0,-0.42092,0,0,0,0,0,0,0,0
Lactobacillus_animalis_KCTC_3501_ac,0,-11.404,0,0,0,0,0,0,0,0
Lactobacillus_animalis_KCTC_3501_ppa,0,-11.404,0,0,0,0,0,0,0,0
Lactobacillus_crispatus_125_2_CHN_ac,0,-0.424,0,0,0,0,0,0,0,0
Lactobacillus_fermentum_ATCC_14931_ac,0,-0.62096,0,0,0,0,0,0,0,0
Lactobacillus_fermentum_IFO_3956_ac,0,-0.74052,0,0,0,0,0,0,0,0
Lactobacillus_gasseri_ATCC_33323_ac,0,-3.7134,0,0,0,0,0,0,0,0
Lactobacillus_mucosae_LM1_ac,0,-0.8196,0,0,0,0,0,0,0,0
Megasphaera_elsdenii_DSM_20460_ac,0,-0.56204,0,0,-12.9276,0,-1.032,0,0,0
Megasphaera_elsdenii_DSM_20460_but,0,-0.56204,0,0,-12.9276,0,-1.032,0,0,0
Megasphaera_elsdenii_DSM_20460_isobut,0,-0.56204,0,0,-12.9276,0,-1.032,0,0,0
Megasphaera_elsdenii_DSM_20460_ppa,0,-0.56204,0,0,-12.9276,0,-1.032,0,0,0
Parabacteroides_distasonis_ATCC_8503_ac,0,-0.64216,0,0,0,-0.43968,0,0,-0.4456,0
Parabacteroides_distasonis_ATCC_8503_isobut,0,-0.64216,0,0,0,-0.43968,0,0,-0.4456,0
Parabacteroides_distasonis_ATCC_8503_ppa,0,-0.64216,0,0,0,-0.43968,0,0,-0.4456,0
Parabacteroides_sp_D13_ac,0,-0.55096,0,0,0,-2.1705,-1.2143,-0.4164,-1.0008,0
Parabacteroides_sp_D13_ppa,0,-0.55096,0,0,0,-2.1705,-1.2143,-0.4164,-1.0008,0
Prevotella_brevis_ATCC_19188_ac,0,-3.1289,0,0,-0.60176,0,0,0,0,0
Prevotella_brevis_ATCC_19188_isobut,0,-3.1289,0,0,-0.60176,0,0,0,0,0
Prevotella_brevis_ATCC_19188_ppa,0,-3.1289,0,0,-0.60176,0,0,0,0,0
Rothia_mucilaginosa_DY_18_ac,0,-3.0698,0,0,-0.5928,0,0,0,0,0
Streptococcus_anginosus_1_2_62CV_ac,0,-0.50156,0,0,0,0,0,0,0,0
Streptococcus_australis_ATCC_700641_ac,0,-3.5242,0,0,-0.40252,0,0,0,0,0
Streptococcus_australis_ATCC_700641_ppa,0,-3.5242,0,0,-0.40252,0,0,0,0,0
Streptococcus_constellatus_subsp_pharyngis_SK1060_ac,0,-1.0283,0,0,0,0,0,0,0,0
Streptococcus_constellatus_subsp_pharyngis_SK1060_ppa,0,-1.0283,0,0,0,0,0,0,0,0
Streptococcus_equinus_ATCC_9812_ac,0,-1.0098,0,0,0,0,0,0,0,0
Streptococcus_gallolyticus_subsp_gallolyticus_ATCC_43143_ac,0,-0.5862,0,0,0,0,0,0,0,0
Streptococcus_gallolyticus_subsp_gallolyticus_ATCC_43143_ppa,0,-0.5862,0,0,0,0,0,0,0,0
Streptococcus_infantarius_subsp_infantarius_ATCC_BAA_102_ac,0,-16.3696,0,0,0,0,0,0,-0.9488,0
Streptococcus_infantis_ATCC_700779_ac,0,-5.6928,0,0,0,0,0,0,0,0
Streptococcus_infantis_ATCC_700779_ppa,0,-5.6928,0,0,0,0,0,0,0,0
Streptococcus_mitis_NCTC_12261_ac,0,-2.8198,0,0,0,0,0,0,0,0
Streptococcus_mitis_NCTC_12261_ppa,0,-2.8198,0,0,0,0,0,0,0,0
Streptococcus_oralis_Uo5_ac,0,-6.3576,0,0,0,0,0,0,0,0
Streptococcus_oralis_Uo5_ppa,0,-6.3576,0,0,0,0,0,0,0,0
Streptococcus_parasanguinis_ATCC_903_ac,0,-30.2296,-1.0446,0,-3.9699,-0.61276,0,-0.95236,-0.47688,0
Streptococcus_parasanguinis_ATCC_903_ppa,0,-30.2296,-1.0446,0,-3.9699,-0.61276,0,-0.95236,-0.47688,0
Streptococcus_peroris_ATCC_700780_ac,0,-1.0122,0,0,0,0,0,0,0,0
Streptococcus_peroris_ATCC_700780_ppa,0,-1.0122,0,0,0,0,0,0,0,0
Streptococcus_pseudopneumoniae_IS7493_ac,0,-1.8484,0,0,0,0,0,0,0,0
Streptococcus_pseudopneumoniae_IS7493_ppa,0,-1.8484,0,0,0,0,0,0,0,0
Streptococcus_salivarius_JIM8777_ac,0,-104.664,-5.3012,0,-9.6272,-3.4983,-1.1646,-0.479,-1.2957,-2.0769
Streptococcus_salivarius_JIM8777_ppa,0,-104.664,-5.3012,0,-9.6272,-3.4983,-1.1646,-0.479,-1.2957,-2.0769
Streptococcus_sanguinis_SK36_ac,0,-0.41688,0,0,0,0,0,0,0,0
Streptococcus_sanguinis_SK36_ppa,0,-0.41688,0,0,0,0,0,0,0,0
Streptococcus_sp_2_1_36FAA_ac,0,-0.80056,0,0,0,0,0,0,0,0
Streptococcus_sp_I_G2_ac,0,-1.8736,0,0,0,0,0,0,0,0
Streptococcus_sp_I_P16_ac,0,-2.3229,0,0,0,0,0,0,0,0
Streptococcus_thermophilus_LMG_18311_ac,0,-8.0808,-0.65796,0,-0.6994,0,0,0,0,0
Streptococcus_vestibularis_F0396_ac,0,-19.4424,-0.96436,0,-1.8994,-0.69392,0,0,0,0
Streptococcus_vestibularis_F0396_ppa,0,-19.4424,-0.96436,0,-1.8994,-0.69392,0,0,0,0
Weissella_cibaria_KACC_11862_ac,0,-1.5224,0,0,0,0,0,0,0,0
Clostridium_symbiosum_WAL_14163_ac,0,0,-0.45532,-0.55624,-0.8128,0,-0.5576,0,-0.62148,-0.58192
Clostridium_symbiosum_WAL_14163_but,0,0,-0.45532,-0.55624,-0.8128,0,-0.5576,0,-0.62148,-0.58192
Coprobacillus_sp_29_1_ac,0,0,-0.4844,-0.44224,0,-0.7536,0,0,0,0
Coprobacillus_sp_29_1_but,0,0,-0.4844,-0.44224,0,-0.7536,0,0,0,0
Coprobacillus_sp_29_1_isobut,0,0,-0.4844,-0.44224,0,-0.7536,0,0,0,0
Coprococcus_eutactus_ATCC_27759_ac,0,0,-0.82256,-0.68976,-1.1968,0,0,0,0,0
Coprococcus_eutactus_ATCC_27759_but,0,0,-0.82256,-0.68976,-1.1968,0,0,0,0,0
Coprococcus_eutactus_ATCC_27759_ppa,0,0,-0.82256,-0.68976,-1.1968,0,0,0,0,0
Eubacterium_biforme_DSM_3989_ac,0,0,-17.3644,-2.4422,-4.8876,-5.4768,0,0,0,0
Eubacterium_biforme_DSM_3989_but,0,0,-17.3644,-2.4422,-4.8876,-5.4768,0,0,0,0
Eubacterium_siraeum_DSM_15702_ac,0,0,-0.41636,0,0,0,0,0,0,0
Eubacterium_siraeum_DSM_15702_but,0,0,-0.41636,0,0,0,0,0,0,0
Marvinbryantia_formatexigens_I_52_DSM_14469_ac,0,0,-0.42064,-0.71644,0,0,0,0,0,0
Phascolarctobacterium_succinatutens_YIT_12067_ppa,0,0,-16.7592,-1.9823,-1.5074,0,0,-0.46672,-3.0255,0
Prevotella_copri_CB7_DSM_18205_ac,0,0,-0.90428,0,0,-53.008,-22.8244,-72.216,0,0
Prevotella_copri_CB7_DSM_18205_ppa,0,0,-0.90428,0,0,-53.008,-22.8244,-72.216,0,0
Bacteroides_intestinalis_341_DSM_17393_ac,0,0,0,-0.47024,0,0,-1.1758,0,-0.98236,0
Bacteroides_intestinalis_341_DSM_17393_isobut,0,0,0,-0.47024,0,0,-1.1758,0,-0.98236,0
Bacteroides_intestinalis_341_DSM_17393_ppa,0,0,0,-0.47024,0,0,-1.1758,0,-0.98236,0
Clostridiales_sp_1_7_47FAA_ac,0,0,0,-0.45284,0,-0.43068,0,0,-0.6178,0
Clostridium_bolteae_ATCC_BAA_613_ac,0,0,0,-0.51028,-0.61524,-0.60792,-1.813,-0.42256,-0.62624,0
Clostridium_symbiosum_WAL_14673_ac,0,0,0,-1.0384,-0.47048,0,0,0,0,0
Clostridium_symbiosum_WAL_14673_but,0,0,0,-1.0384,-0.47048,0,0,0,0,0
Eggerthella_sp_1_3_56FAA_ac,0,0,0,-0.89996,0,0,-1.833,-1.0645,-0.81396,0
Erysipelotrichaceae_bacterium_5_2_54FAA_ac,0,0,0,-0.9072,0,0,-3.0281,0,0,0
Erysipelotrichaceae_bacterium_5_2_54FAA_but,0,0,0,-0.9072,0,0,-3.0281,0,0,0
Alistipes_finegoldii_DSM_17242_ac,0,0,0,0,-0.5092,0,-0.44996,0,0,-0.56772
Bacteroides_caCCAe_ATCC_43185_ac,0,0,0,0,-1.9585,-1.3511,-7.446,-0.74256,-14.8964,-0.5602
Bacteroides_caCCAe_ATCC_43185_ppa,0,0,0,0,-1.9585,-1.3511,-7.446,-0.74256,-14.8964,-0.5602
Bacteroides_coprocola_M16_DSM_17136_ac,0,0,0,0,-7.2592,-2.2032,-1.7087,-0.99312,-1.5628,-3.3776
Bacteroides_coprocola_M16_DSM_17136_isobut,0,0,0,0,-7.2592,-2.2032,-1.7087,-0.99312,-1.5628,-3.3776
Bacteroides_coprocola_M16_DSM_17136_ppa,0,0,0,0,-7.2592,-2.2032,-1.7087,-0.99312,-1.5628,-3.3776
Bacteroides_coprophilus_DSM_18228_ac,0,0,0,0,-1.596,-4.5248,-4.852,-0.59284,0,0
Bacteroides_coprophilus_DSM_18228_isobut,0,0,0,0,-1.596,-4.5248,-4.852,-0.59284,0,0
Bacteroides_coprophilus_DSM_18228_ppa,0,0,0,0,-1.596,-4.5248,-4.852,-0.59284,0,0
Bacteroides_dorei_DSM_17855_ac,0,0,0,0,-0.67616,-1.7425,-4.2268,0,-9.6208,-1.766
Bacteroides_dorei_DSM_17855_isobut,0,0,0,0,-0.67616,-1.7425,-4.2268,0,-9.6208,-1.766
Bacteroides_dorei_DSM_17855_ppa,0,0,0,0,-0.67616,-1.7425,-4.2268,0,-9.6208,-1.766
Bacteroides_eggerthii_1_2_48FAA_ac,0,0,0,0,-0.4878,-0.61952,-0.945,0,-1.5728,0
Bacteroides_eggerthii_1_2_48FAA_isobut,0,0,0,0,-0.4878,-0.61952,-0.945,0,-1.5728,0
Bacteroides_eggerthii_1_2_48FAA_ppa,0,0,0,0,-0.4878,-0.61952,-0.945,0,-1.5728,0
Bacteroides_finegoldii_DSM_17565_ac,0,0,0,0,-0.70168,-4.042,-1.3369,0,-4.8552,-2.0738
Bacteroides_finegoldii_DSM_17565_isobut,0,0,0,0,-0.70168,-4.042,-1.3369,0,-4.8552,-2.0738
Bacteroides_finegoldii_DSM_17565_ppa,0,0,0,0,-0.70168,-4.042,-1.3369,0,-4.8552,-2.0738
Bacteroides_massiliensis_B846dnLKV334_ac,0,0,0,0,-0.86524,-22.18,0,-4.082,0,-7.34
Bacteroides_massiliensis_B846dnLKV334_ppa,0,0,0,0,-0.86524,-22.18,0,-4.082,0,-7.34
Bacteroides_sp_1_1_6_ac,0,0,0,0,-0.48076,-0.47272,-1.1668,0,-1.741,-0.64348
Bacteroides_sp_1_1_6_isobut,0,0,0,0,-0.48076,-0.47272,-1.1668,0,-1.741,-0.64348
Bacteroides_sp_1_1_6_ppa,0,0,0,0,-0.48076,-0.47272,-1.1668,0,-1.741,-0.64348
Bacteroides_sp_20_3_ac,0,0,0,0,-0.6864,-1.8564,-0.90192,0,-1.0191,-0.53048
Bacteroides_sp_20_3_isobut,0,0,0,0,-0.6864,-1.8564,-0.90192,0,-1.0191,-0.53048
Bacteroides_sp_20_3_ppa,0,0,0,0,-0.6864,-1.8564,-0.90192,0,-1.0191,-0.53048
Bacteroides_sp_3_1_33FAA_ac,0,0,0,0,-0.74564,-2.4332,-4.5268,-1.1899,-9.4216,-2.3015
Bacteroides_sp_3_1_33FAA_isobut,0,0,0,0,-0.74564,-2.4332,-4.5268,-1.1899,-9.4216,-2.3015
Bacteroides_sp_3_1_33FAA_ppa,0,0,0,0,-0.74564,-2.4332,-4.5268,-1.1899,-9.4216,-2.3015
Bacteroides_sp_3_1_40A_ac,0,0,0,0,-2.2642,-12.6308,-2.817,-2.784,-2.631,-19.1284
Bacteroides_sp_3_1_40A_isobut,0,0,0,0,-2.2642,-12.6308,-2.817,-2.784,-2.631,-19.1284
Bacteroides_sp_3_1_40A_ppa,0,0,0,0,-2.2642,-12.6308,-2.817,-2.784,-2.631,-19.1284
Bacteroides_sp_4_1_36_ac,0,0,0,0,-4.1224,-1.3936,-1.977,0,-20.2472,-4.16
Bacteroides_sp_4_1_36_isobut,0,0,0,0,-4.1224,-1.3936,-1.977,0,-20.2472,-4.16
Bacteroides_sp_4_1_36_ppa,0,0,0,0,-4.1224,-1.3936,-1.977,0,-20.2472,-4.16
Bacteroides_sp_4_3_47FAA_ac,0,0,0,0,-1.383,-11.7668,-2.4882,-2.404,-0.72396,-18.1976
Bacteroides_sp_4_3_47FAA_isobut,0,0,0,0,-1.383,-11.7668,-2.4882,-2.404,-0.72396,-18.1976
Bacteroides_sp_4_3_47FAA_ppa,0,0,0,0,-1.383,-11.7668,-2.4882,-2.404,-0.72396,-18.1976
Bacteroides_sp_9_1_42FAA_ac,0,0,0,0,-0.69356,-1.1636,-4.0164,0,-8.8104,-1.5859
Bacteroides_sp_9_1_42FAA_isobut,0,0,0,0,-0.69356,-1.1636,-4.0164,0,-8.8104,-1.5859
Bacteroides_sp_9_1_42FAA_ppa,0,0,0,0,-0.69356,-1.1636,-4.0164,0,-8.8104,-1.5859
Bacteroides_sp_D20_ac,0,0,0,0,-4.418,-0.94704,-1.8493,0,-20.2856,-3.0239
Bacteroides_sp_D20_isobut,0,0,0,0,-4.418,-0.94704,-1.8493,0,-20.2856,-3.0239
Bacteroides_sp_D20_ppa,0,0,0,0,-4.418,-0.94704,-1.8493,0,-20.2856,-3.0239
Bacteroides_thetaiotaomicron_VPI_5482_ac,0,0,0,0,-0.524,-0.64968,-1.2494,-0.42288,-1.4592,-0.49192
Bacteroides_thetaiotaomicron_VPI_5482_isobut,0,0,0,0,-0.524,-0.64968,-1.2494,-0.42288,-1.4592,-0.49192
Bacteroides_thetaiotaomicron_VPI_5482_ppa,0,0,0,0,-0.524,-0.64968,-1.2494,-0.42288,-1.4592,-0.49192
Bacteroides_uniformis_ATCC_8492_ac,0,0,0,0,-3.8995,-0.95208,-2.3811,-0.46956,-17.48,-3.8859
Bacteroides_uniformis_ATCC_8492_isobut,0,0,0,0,-3.8995,-0.95208,-2.3811,-0.46956,-17.48,-3.8859
Bacteroides_uniformis_ATCC_8492_ppa,0,0,0,0,-3.8995,-0.95208,-2.3811,-0.46956,-17.48,-3.8859
Bacteroides_vulgatus_ATCC_8482_ac,0,0,0,0,-2.145,-18.0216,-4.0316,-4.3652,-0.94732,-11.0168
Bacteroides_vulgatus_ATCC_8482_isobut,0,0,0,0,-2.145,-18.0216,-4.0316,-4.3652,-0.94732,-11.0168
Bacteroides_vulgatus_ATCC_8482_ppa,0,0,0,0,-2.145,-18.0216,-4.0316,-4.3652,-0.94732,-11.0168
Butyricicoccus_pullicaecorum_1_2_ac,0,0,0,0,-0.64316,0,0,0,0,0
Butyricicoccus_pullicaecorum_1_2_but,0,0,0,0,-0.64316,0,0,0,0,0
Butyricicoccus_pullicaecorum_1_2_ppa,0,0,0,0,-0.64316,0,0,0,0,0
Clostridium_asparagiforme_DSM_15981_ac,0,0,0,0,-0.48188,0,-0.97012,0,-0.46264,0
Clostridium_botulinum_A_str_ATCC_3502_ac,0,0,0,0,-0.89576,0,0,0,0,0
Clostridium_botulinum_A_str_ATCC_3502_but,0,0,0,0,-0.89576,0,0,0,0,0
Clostridium_botulinum_A_str_ATCC_3502_isobut,0,0,0,0,-0.89576,0,0,0,0,0
Clostridium_botulinum_A_str_ATCC_3502_ppa,0,0,0,0,-0.89576,0,0,0,0,0
Clostridium_clostridioforme_CM201_ac,0,0,0,0,-0.4196,0,0,0,0,0
Clostridium_clostridioforme_CM201_ppa,0,0,0,0,-0.4196,0,0,0,0,0
Clostridium_hathewayi_12489931_ac,0,0,0,0,-0.9798,0,-0.44896,0,0,0
Clostridium_sp_SY8519_ac,0,0,0,0,-0.42272,0,0,0,0,0
Clostridium_sp_SY8519_but,0,0,0,0,-0.42272,0,0,0,0,0
Clostridium_symbiosum_ATCC_14940_ac,0,0,0,0,-0.4046,0,0,0,0,0
Clostridium_symbiosum_ATCC_14940_but,0,0,0,0,-0.4046,0,0,0,0,0
Clostridium_symbiosum_ATCC_14940_ppa,0,0,0,0,-0.40453,0,0,0,0,0
Desulfovibrio_piger_ATCC_29098_ac,0,0,0,0,-1.774,-0.52124,-3.5228,0,0,0
Enterobacter_cancerogenus_ATCC_35316_ac,0,0,0,0,-0.43848,0,0,0,0,0
Lactobacillus_salivarius_HO66_ATCC_11741_ac,0,0,0,0,-3.3568,0,0,0,0,0
Lactobacillus_salivarius_salivarius_UCC118_ac,0,0,0,0,-3.9786,0,0,0,0,0
Megamonas_funiformis_YIT_11815_ac,0,0,0,0,-9.6288,-56.004,-0.49784,-14.1388,0,-8.844
Megamonas_funiformis_YIT_11815_ppa,0,0,0,0,-9.6288,-56.004,-0.49784,-14.1388,0,-8.844
Megamonas_hypermegale_ART12_1_ac,0,0,0,0,-3.8155,-51.384,-1.039,-6.2292,0,-18.0984
Megamonas_hypermegale_ART12_1_ppa,0,0,0,0,-3.8155,-51.384,-1.039,-6.2292,0,-18.0984
Parabacteroides_johnsonii_DSM_18315_ac,0,0,0,0,-0.42416,-0.42912,-0.5692,0,-1.0292,0
Parabacteroides_johnsonii_DSM_18315_ppa,0,0,0,0,-0.42416,-0.42912,-0.5692,0,-1.0292,0
Parabacteroides_merdae_ATCC_43184_ac,0,0,0,0,-4.0448,-2.1448,-2.4552,0,-4.2576,-0.60116
Parabacteroides_merdae_ATCC_43184_isobut,0,0,0,0,-4.0448,-2.1448,-2.4552,0,-4.2576,-0.60116
Parabacteroides_merdae_ATCC_43184_ppa,0,0,0,0,-4.0448,-2.1448,-2.4552,0,-4.2576,-0.60116
Paraprevotella_clara_YIT_11840_ac,0,0,0,0,-7.5112,-0.53576,0,0,-11.0876,0
Paraprevotella_clara_YIT_11840_ppa,0,0,0,0,-7.5112,-0.53576,0,0,-11.0876,0
Paraprevotella_xylaniphila_YIT_11841_ac,0,0,0,0,-0.85076,-5.3596,0,0,-1.2586,0
Paraprevotella_xylaniphila_YIT_11841_ppa,0,0,0,0,-0.85076,-5.3596,0,0,-1.2586,0
Pseudomonas_monteilii_NBRC_103158_ac,0,0,0,0,-0.65068,0,0,0,0,0
Staphylococcus_capitis_CR0101_ac,0,0,0,0,-0.43696,0,0,0,0,0
Veillonella_atypica_ACS_049_V_Sch6_ac,0,0,0,0,-0.95188,0,0,0,0,-0.49108
Veillonella_atypica_ACS_049_V_Sch6_ppa,0,0,0,0,-0.95188,0,0,0,0,-0.49108
Veillonella_dispar_ATCC_17748_ac,0,0,0,0,-0.88608,0,0,0,0,0
Veillonella_dispar_ATCC_17748_ppa,0,0,0,0,-0.88608,0,0,0,0,0
Bacteroides_eggerthii_DSM_20697_ac,0,0,0,0,0,-0.457,0,0,0,0
Bacteroides_eggerthii_DSM_20697_isobut,0,0,0,0,0,-0.457,0,0,0,0
Bacteroides_eggerthii_DSM_20697_ppa,0,0,0,0,0,-0.457,0,0,0,0
Bacteroides_fragilis_3_1_12_ac,0,0,0,0,0,-0.49568,0,0,0,0
Bacteroides_fragilis_3_1_12_isobut,0,0,0,0,0,-0.49568,0,0,0,0
Bacteroides_fragilis_3_1_12_ppa,0,0,0,0,0,-0.49568,0,0,0,0
Mitsuokella_multacida_DSM_20544_ac,0,0,0,0,0,-1.2313,0,0,0,0
Alistipes_onderdonkii_DSM_19147_ac,0,0,0,0,0,0,-0.93056,-0.92568,-1.7129,-0.6364
Alistipes_shahii_WAL_8301_ac,0,0,0,0,0,0,-0.4944,0,0,-0.40088
Bacteroides_cellulosilyticus_DSM_14838_ac,0,0,0,0,0,0,-2.2213,0,-1.7345,0
Bacteroides_cellulosilyticus_DSM_14838_isobut,0,0,0,0,0,0,-2.2213,0,-1.7345,0
Bacteroides_cellulosilyticus_DSM_14838_ppa,0,0,0,0,0,0,-2.2213,0,-1.7345,0
Bacteroides_ovatus_ATCC_8483_ac,0,0,0,0,0,0,-1.5673,0,-1.9877,-0.95036
Bacteroides_ovatus_ATCC_8483_isobut,0,0,0,0,0,0,-1.5673,0,-1.9877,-0.95036
Bacteroides_ovatus_ATCC_8483_ppa,0,0,0,0,0,0,-1.5673,0,-1.9877,-0.95036
Bacteroides_ovatus_SD_CC_2a_ac,0,0,0,0,0,0,-0.40424,0,-0.46704,0
Bacteroides_ovatus_SD_CC_2a_isobut,0,0,0,0,0,0,-0.40424,0,-0.46704,0
Bacteroides_ovatus_SD_CC_2a_ppa,0,0,0,0,0,0,-0.40424,0,-0.46704,0
Bacteroides_salyersiae_WAL_10018_ac,0,0,0,0,0,0,-1.9584,0,0,0
Bacteroides_salyersiae_WAL_10018_ppa,0,0,0,0,0,0,-1.9584,0,0,0
Bacteroides_sp_1_1_14_ac,0,0,0,0,0,0,-0.64852,0,-1.1142,-0.5172
Bacteroides_sp_1_1_14_isobut,0,0,0,0,0,0,-0.64852,0,-1.1142,-0.5172
Bacteroides_sp_1_1_14_ppa,0,0,0,0,0,0,-0.64852,0,-1.1142,-0.5172
Bacteroides_sp_1_1_30_ac,0,0,0,0,0,0,-0.9038,0,-1.1396,-0.7174
Bacteroides_sp_1_1_30_isobut,0,0,0,0,0,0,-0.9038,0,-1.1396,-0.7174
Bacteroides_sp_1_1_30_ppa,0,0,0,0,0,0,-0.9038,0,-1.1396,-0.7174
Bacteroides_sp_2_1_22_ac,0,0,0,0,0,0,-0.41284,0,-0.78132,-0.76352
Bacteroides_sp_2_1_22_isobut,0,0,0,0,0,0,-0.41284,0,-0.78132,-0.76352
Bacteroides_sp_2_1_22_ppa,0,0,0,0,0,0,-0.41284,0,-0.78132,-0.76352
Bacteroides_sp_2_1_33B_ac,0,0,0,0,0,0,-0.5198,0,-0.59792,0
Bacteroides_sp_2_1_33B_isobut,0,0,0,0,0,0,-0.5198,0,-0.59792,0
Bacteroides_sp_2_1_33B_ppa,0,0,0,0,0,0,-0.5198,0,-0.59792,0
Bacteroides_sp_2_2_4_ac,0,0,0,0,0,0,-0.98672,0,-1.5285,-0.98496
Bacteroides_sp_2_2_4_isobut,0,0,0,0,0,0,-0.98672,0,-1.5285,-0.98496
Bacteroides_sp_2_2_4_ppa,0,0,0,0,0,0,-0.98672,0,-1.5285,-0.98496
Bacteroides_sp_3_1_23_ac,0,0,0,0,0,0,-0.83396,0,-1.9499,-0.60648
Bacteroides_sp_3_1_23_isobut,0,0,0,0,0,0,-0.83396,0,-1.9499,-0.60648
Bacteroides_sp_3_1_23_ppa,0,0,0,0,0,0,-0.83396,0,-1.9499,-0.60648
Bacteroides_sp_D2_ac,0,0,0,0,0,0,-0.8422,0,-1.5344,-0.49392
Bacteroides_sp_D2_isobut,0,0,0,0,0,0,-0.8422,0,-1.5344,-0.49392
Bacteroides_sp_D2_ppa,0,0,0,0,0,0,-0.8422,0,-1.5344,-0.49392
Bacteroides_sp_D22_ac,0,0,0,0,0,0,-0.77996,0,-1.3386,-1.3184
Bacteroides_sp_D22_isobut,0,0,0,0,0,0,-0.77996,0,-1.3386,-1.3184
Bacteroides_sp_D22_ppa,0,0,0,0,0,0,-0.77996,0,-1.3386,-1.3184
Bacteroides_xylanisolvens_XB1A_ac,0,0,0,0,0,0,-0.586,0,-0.98764,-0.85496
Bacteroides_xylanisolvens_XB1A_isobut,0,0,0,0,0,0,-0.586,0,-0.98764,-0.85496
Bacteroides_xylanisolvens_XB1A_ppa,0,0,0,0,0,0,-0.586,0,-0.98764,-0.85496
Bifidobacterium_stercoris_ATCC_43183_ac,0,0,0,0,0,0,-0.42916,0,-2.7945,0
Bifidobacterium_stercoris_ATCC_43183_ppa,0,0,0,0,0,0,-0.42916,0,-2.7945,0
Exiguobacterium_aurantiacum_DSM_6208_ac,0,0,0,0,0,0,-11.8232,0,0,0
Exiguobacterium_aurantiacum_DSM_6208_ppa,0,0,0,0,0,0,-11.8232,0,0,0
Gordonibacter_pamelaeae_7_10_1_bT_DSM_19378_ac,0,0,0,0,0,0,-0.50564,-0.41476,0,0
Prevotella_conceptionensis_9403948_ac,0,0,0,0,0,0,-1.9826,0,0,0
Prevotella_conceptionensis_9403948_ppa,0,0,0,0,0,0,-1.9826,0,0,0
Propionibacterium_jensenii_DSM_20535_ac,0,0,0,0,0,0,-0.49828,0,0,-0.40156
Propionibacterium_jensenii_DSM_20535_ppa,0,0,0,0,0,0,-0.49828,0,0,-0.40156
Akkermansia_muciniphila_ATCC_BAA_835_ac,0,0,0,0,0,0,0,-0.82576,0,0
Akkermansia_muciniphila_ATCC_BAA_835_ppa,0,0,0,0,0,0,0,-0.82576,0,0
Citrobacter_koseri_ATCC_BAA_895_ac,0,0,0,0,0,0,0,-4.0032,0,0
Citrobacter_koseri_ATCC_BAA_895_ppa,0,0,0,0,0,0,0,-4.0032,0,0
Clostridium_spiroforme_DSM_1552_ac,0,0,0,0,0,0,0,-0.47552,0,0
Pediococcus_pentosaceus_ATCC_25745_ac,0,0,0,0,0,0,0,-2.9473,0,0
Bacteroides_oleiciplenus_YIT_12058_ac,0,0,0,0,0,0,0,0,-0.47096,0
Bacteroides_oleiciplenus_YIT_12058_ppa,0,0,0,0,0,0,0,0,-0.47096,0
Bacteroides_sp_D1_ac,0,0,0,0,0,0,0,0,-0.633,-0.506
Bacteroides_sp_D1_isobut,0,0,0,0,0,0,0,0,-0.633,-0.506
Bacteroides_sp_D1_ppa,0,0,0,0,0,0,0,0,-0.633,-0.506
Bacteroides_xylanisolvens_SD_CC_1b_ac,0,0,0,0,0,0,0,0,-0.47376,0
Bacteroides_xylanisolvens_SD_CC_1b_isobut,0,0,0,0,0,0,0,0,-0.47376,0
Bacteroides_xylanisolvens_SD_CC_1b_ppa,0,0,0,0,0,0,0,0,-0.47376,0
Clostridium_ramosum_VPI_0427_DSM_1402_ac,0,0,0,0,0,0,0,0,-0.79044,0
Coprobacillus_sp_D7_ac,0,0,0,0,0,0,0,0,-0.85356,0
Coprobacillus_sp_D7_but,0,0,0,0,0,0,0,0,-0.85356,0
Coprobacillus_sp_D7_isobut,0,0,0,0,0,0,0,0,-0.85356,0
Mycoplasma_hominis_ATCC_23114_ac,0,0,0,0,0,0,0,0,-0.089559,0
Oceanobacillus_picturae_strain_S1_ac,0,0,0,0,0,0,0,0,-2.1946,-0.53452
Oceanobacillus_picturae_strain_S1_ppa,0,0,0,0,0,0,0,0,-2.1946,-0.53452
Parabacteroides_goldsteinii_dnLKV18_ac,0,0,0,0,0,0,0,0,-0.68416,0
Parabacteroides_goldsteinii_dnLKV18_ppa,0,0,0,0,0,0,0,0,-0.68416,0
Adlercreutzia_equolifaciens_DSM_19450_ac,0,0,0,0,0,0,0,0,0,-0.50938
